kode_kabkota,tahun,bulan,n_kejadian,meninggal,terluka,rumah_rusak,fasum_rusak
1101,2021,2,2,0.0,0.0,0,0
1101,2021,9,1,0.0,0.0,0,0
1101,2021,10,1,0.0,0.0,0,0
1101,2022,2,1,0.0,0.0,0,0
1101,2022,3,1,0.0,0.0,0,0
1101,2022,4,1,0.0,0.0,0,0
1101,2022,5,1,0.0,0.0,0,0
1101,2022,6,1,0.0,0.0,0,0
1101,2022,7,5,0.0,0.0,0,0
1101,2022,8,3,0.0,0.0,0,0
1101,2022,9,2,0.0,0.0,0,0
1101,2023,3,1,0.0,0.0,0,0
1101,2023,8,1,0.0,0.0,0,0
1101,2024,5,1,0.0,0.0,0,0
1101,2024,7,3,0.0,0.0,0,0
1101,2025,6,4,0.0,0.0,0,0
1101,2025,8,2,0.0,0.0,0,0
1101,2025,10,1,0.0,0.0,0,0
1101,2026,8,1,0.0,0.0,0,0
1102,2024,2,2,0.0,0.0,0,0
1102,2024,4,1,0.0,0.0,0,0
1102,2025,7,1,0.0,0.0,0,0
1102,2025,8,1,0.0,0.0,0,0
1103,2026,5,1,0.0,0.0,0,0
1104,2021,2,1,0.0,0.0,0,0
1104,2021,7,2,0.0,0.0,0,0
1104,2021,8,2,0.0,0.0,0,0
1104,2021,9,1,0.0,0.0,0,0
1104,2021,10,6,0.0,0.0,0,0
1104,2022,5,1,0.0,0.0,0,0
1104,2022,6,2,0.0,0.0,0,0
1104,2022,7,7,0.0,0.0,0,0
1104,2022,8,2,0.0,0.0,0,0
1104,2022,9,3,0.0,0.0,0,0
1104,2023,1,1,0.0,0.0,0,0
1104,2023,3,1,0.0,0.0,0,0
1104,2023,4,3,0.0,0.0,0,0
1104,2023,5,1,0.0,0.0,0,0
1104,2023,6,5,0.0,0.0,0,0
1104,2025,10,3,0.0,0.0,0,0
1104,2025,11,1,0.0,0.0,0,0
1104,2026,3,1,0.0,0.0,0,0
1104,2026,5,1,0.0,0.0,0,0
1104,2026,6,1,0.0,0.0,0,0
1104,2026,7,3,0.0,0.0,0,0
1104,2026,8,3,0.0,0.0,0,0
1104,2026,9,1,0.0,0.0,0,0
1105,2021,2,2,0.0,0.0,0,0
1105,2021,3,1,0.0,0.0,0,0
1105,2021,7,1,0.0,0.0,0,0
1105,2021,10,1,0.0,0.0,0,0
1105,2022,2,2,0.0,0.0,0,0
1105,2023,2,1,0.0,0.0,0,0
1105,2023,4,2,0.0,0.0,0,0
1105,2023,5,1,0.0,0.0,0,0
1105,2023,6,2,0.0,0.0,0,0
1105,2023,7,2,0.0,0.0,0,0
1105,2024,7,1,0.0,0.0,0,0
1105,2024,10,2,0.0,0.0,0,0
1105,2025,2,1,0.0,0.0,0,0
1105,2025,3,2,0.0,0.0,0,0
1105,2025,5,1,0.0,0.0,0,0
1105,2025,6,1,0.0,0.0,0,0
1105,2025,7,1,0.0,0.0,0,0
1105,2025,8,2,0.0,0.0,0,0
1105,2025,9,2,0.0,0.0,0,0
1105,2025,10,1,0.0,0.0,0,0
1105,2026,1,2,0.0,0.0,0,0
1105,2026,3,2,0.0,0.0,0,0
1105,2026,5,1,0.0,0.0,0,0
1105,2026,7,1,0.0,0.0,0,0
1105,2026,9,1,0.0,0.0,0,0
1106,2021,2,2,0.0,0.0,0,0
1106,2021,3,1,0.0,0.0,0,0
1106,2021,6,1,0.0,0.0,0,0
1106,2021,9,1,0.0,0.0,0,0
1106,2021,10,3,0.0,0.0,0,0
1106,2022,2,1,0.0,0.0,0,0
1106,2022,4,1,0.0,0.0,0,0
1106,2022,5,1,0.0,0.0,0,0
1106,2022,6,1,0.0,0.0,0,0
1106,2022,7,1,0.0,0.0,0,0
1106,2022,9,1,0.0,0.0,0,0
1106,2022,10,1,0.0,0.0,0,0
1106,2023,3,1,0.0,0.0,0,0
1106,2023,4,1,0.0,0.0,0,0
1106,2023,5,3,0.0,0.0,0,0
1106,2023,6,9,0.0,0.0,0,0
1106,2023,7,11,0.0,0.0,0,1
1106,2023,8,8,0.0,0.0,0,0
1106,2023,9,3,0.0,0.0,0,0
1106,2024,2,1,0.0,0.0,0,0
1106,2024,4,1,0.0,0.0,0,0
1106,2024,5,1,0.0,0.0,0,0
1106,2024,6,1,0.0,0.0,0,0
1106,2024,7,2,0.0,0.0,0,0
1106,2024,8,2,0.0,0.0,0,0
1106,2024,9,2,0.0,0.0,0,0
1106,2025,2,1,0.0,0.0,0,0
1106,2025,4,1,0.0,0.0,0,0
1106,2025,7,1,0.0,0.0,0,0
1106,2025,8,4,0.0,0.0,0,0
1106,2025,9,11,0.0,1.0,0,0
1106,2026,3,2,0.0,0.0,0,0
1106,2026,5,1,0.0,0.0,0,0
1106,2026,7,1,0.0,0.0,0,0
1106,2026,8,7,0.0,0.0,0,0
1106,2026,9,4,0.0,0.0,0,0
1110,2021,2,1,0.0,0.0,0,0
1110,2022,8,1,0.0,0.0,0,0
1110,2022,9,1,0.0,0.0,0,0
1110,2023,2,1,0.0,0.0,0,0
1110,2023,3,1,0.0,0.0,0,0
1110,2025,6,1,0.0,0.0,0,0
1110,2025,7,1,0.0,0.0,0,0
1110,2025,8,3,0.0,0.0,0,0
1110,2025,10,2,0.0,0.0,0,0
1110,2026,2,1,0.0,0.0,0,0
1110,2026,6,1,0.0,0.0,0,0
1111,2021,2,1,0.0,0.0,0,0
1111,2021,3,1,0.0,0.0,0,0
1111,2021,10,1,0.0,0.0,0,0
1111,2023,4,1,0.0,0.0,0,0
1111,2025,3,1,0.0,0.0,0,0
1112,2021,2,3,0.0,0.0,0,0
1112,2021,3,1,0.0,0.0,0,0
1112,2021,10,1,0.0,0.0,0,0
1112,2022,8,1,0.0,0.0,0,0
1112,2022,9,1,0.0,0.0,0,0
1112,2023,6,1,0.0,0.0,0,0
1112,2025,6,1,0.0,0.0,0,0
1112,2025,8,1,0.0,0.0,0,0
1113,2021,2,3,0.0,0.0,0,0
1113,2021,3,2,0.0,0.0,0,0
1113,2021,8,1,0.0,0.0,0,0
1113,2021,10,1,0.0,0.0,0,0
1113,2022,7,1,0.0,0.0,0,0
1113,2024,7,1,0.0,0.0,0,0
1114,2021,2,1,0.0,0.0,0,0
1114,2021,3,1,0.0,0.0,0,0
1114,2021,9,1,0.0,0.0,0,0
1114,2021,12,1,0.0,0.0,0,0
1114,2023,1,1,0.0,0.0,0,0
1114,2024,7,3,0.0,0.0,0,0
1114,2024,8,1,0.0,0.0,0,0
1114,2026,2,1,0.0,0.0,0,0
1115,2021,2,3,0.0,0.0,0,0
1115,2021,9,1,0.0,0.0,0,0
1115,2021,10,2,0.0,0.0,0,0
1115,2022,5,1,0.0,0.0,0,0
1115,2023,6,1,0.0,0.0,0,0
1115,2023,7,3,0.0,0.0,0,0
1115,2024,7,2,0.0,0.0,0,0
1115,2025,6,2,0.0,0.0,0,0
1115,2025,9,1,0.0,0.0,0,0
1115,2026,5,1,0.0,0.0,0,0
1115,2026,7,1,0.0,0.0,0,0
1116,2021,3,1,0.0,0.0,0,0
1116,2023,6,1,0.0,0.0,0,0
1116,2023,7,1,0.0,0.0,0,0
1117,2021,2,2,0.0,0.0,0,0
1117,2021,3,2,0.0,0.0,0,0
1117,2021,7,5,0.0,0.0,0,0
1117,2021,8,1,0.0,0.0,0,0
1117,2021,10,4,0.0,0.0,0,0
1117,2022,2,1,0.0,0.0,0,0
1117,2022,6,1,0.0,0.0,0,0
1117,2022,7,2,0.0,0.0,0,0
1117,2023,6,6,0.0,0.0,0,0
1117,2023,7,2,0.0,0.0,0,0
1117,2024,3,2,0.0,0.0,0,0
1117,2024,4,2,0.0,0.0,0,0
1117,2024,7,2,0.0,0.0,0,0
1117,2024,9,2,0.0,0.0,0,0
1117,2025,6,5,0.0,0.0,0,0
1117,2025,7,4,0.0,0.0,0,0
1117,2025,8,2,0.0,0.0,0,0
1117,2025,9,1,0.0,0.0,0,0
1117,2026,5,1,0.0,0.0,0,0
1117,2026,6,2,0.0,0.0,0,0
1117,2026,7,3,0.0,0.0,0,0
1117,2026,8,2,0.0,0.0,0,0
1118,2026,7,1,0.0,0.0,0,0
1118,2026,8,1,0.0,0.0,0,0
1171,2023,7,1,0.0,0.0,0,0
1172,2022,5,1,0.0,0.0,0,0
1172,2023,5,1,0.0,0.0,0,0
1172,2023,9,1,0.0,0.0,0,0
1173,2021,3,3,0.0,0.0,0,0
1173,2021,5,1,0.0,0.0,0,0
1173,2021,6,1,0.0,0.0,0,0
1173,2021,9,1,0.0,0.0,0,0
1173,2021,10,1,0.0,0.0,0,0
1173,2022,1,1,0.0,0.0,0,0
1173,2022,2,1,0.0,0.0,0,0
1173,2025,6,1,0.0,0.0,0,0
1173,2025,11,1,0.0,0.0,0,0
1173,2026,3,1,0.0,0.0,0,0
1173,2026,5,3,0.0,0.0,0,0
1173,2026,6,1,0.0,0.0,0,0
1173,2026,7,4,0.0,0.0,0,0
1173,2026,9,1,0.0,0.0,0,0
1174,2026,4,1,0.0,0.0,0,0
1174,2026,6,1,0.0,0.0,0,0
1201,2021,3,2,0.0,0.0,0,0
1201,2023,6,1,0.0,0.0,0,0
1201,2024,7,1,0.0,0.0,0,0
1201,2024,10,1,0.0,0.0,0,0
1201,2025,6,1,0.0,0.0,0,0
1201,2025,7,3,0.0,0.0,0,0
1201,2025,8,1,0.0,0.0,0,0
1201,2025,9,1,0.0,0.0,0,0
1201,2025,10,1,0.0,0.0,0,0
1202,2021,10,2,0.0,0.0,0,0
1202,2025,7,1,0.0,0.0,0,0
1202,2025,8,1,0.0,0.0,0,0
1203,2024,7,1,0.0,0.0,0,0
1203,2024,8,1,0.0,0.0,0,0
1203,2024,10,2,0.0,0.0,0,0
1205,2023,7,1,0.0,0.0,0,0
1205,2024,2,3,0.0,0.0,0,0
1205,2024,3,8,0.0,0.0,0,0
1205,2024,4,1,0.0,0.0,0,0
1205,2024,6,1,0.0,0.0,0,0
1205,2024,7,2,0.0,0.0,0,0
1205,2024,8,1,0.0,0.0,0,0
1205,2025,3,1,0.0,0.0,0,0
1205,2025,7,1,0.0,0.0,0,0
1206,2021,7,1,0.0,0.0,0,0
1206,2023,6,2,0.0,0.0,0,0
1206,2023,7,1,0.0,0.0,0,0
1206,2024,1,3,0.0,0.0,0,0
1206,2024,2,5,0.0,0.0,0,0
1206,2024,3,1,0.0,0.0,0,0
1206,2024,4,1,0.0,0.0,0,0
1206,2024,7,10,0.0,0.0,0,0
1206,2024,8,3,0.0,0.0,0,0
1206,2024,9,1,0.0,0.0,0,0
1206,2024,10,2,0.0,0.0,0,0
1206,2024,11,2,0.0,0.0,0,0
1206,2025,6,1,0.0,0.0,0,0
1206,2025,7,2,0.0,0.0,0,0
1206,2025,8,1,0.0,0.0,0,0
1206,2025,10,1,0.0,0.0,0,0
1206,2026,2,1,0.0,0.0,0,0
1207,2024,3,2,0.0,0.0,0,0
1207,2024,8,1,0.0,0.0,0,0
1207,2025,8,1,0.0,0.0,0,0
1208,2023,8,1,0.0,0.0,0,0
1208,2024,3,1,0.0,0.0,0,0
1208,2024,7,4,0.0,0.0,1,0
1208,2025,7,4,0.0,0.0,0,0
1208,2025,8,3,0.0,0.0,0,0
1208,2026,1,1,0.0,0.0,0,0
1208,2026,3,2,0.0,0.0,0,0
1208,2026,8,1,0.0,0.0,0,0
1209,2023,7,1,0.0,0.0,0,0
1209,2023,8,2,0.0,0.0,0,0
1209,2024,3,1,0.0,0.0,0,0
1209,2024,6,1,0.0,0.0,0,0
1209,2024,7,5,0.0,0.0,0,0
1210,2023,8,3,0.0,0.0,0,0
1210,2024,3,5,0.0,0.0,0,0
1210,2024,4,1,0.0,0.0,0,0
1210,2024,5,2,0.0,0.0,0,0
1210,2024,6,2,0.0,0.0,0,0
1210,2024,7,11,0.0,0.0,0,0
1210,2025,7,1,0.0,0.0,0,0
1211,2021,7,1,0.0,0.0,0,0
1211,2021,10,2,0.0,0.0,0,0
1211,2023,6,1,0.0,0.0,0,0
1211,2024,3,1,0.0,0.0,0,0
1211,2024,6,1,0.0,0.0,0,0
1211,2024,7,1,0.0,0.0,0,0
1211,2024,9,1,0.0,0.0,0,0
1211,2024,10,1,0.0,0.0,0,0
1211,2025,7,1,0.0,0.0,0,0
1211,2025,8,1,0.0,0.0,0,0
1212,2021,4,1,0.0,0.0,0,0
1212,2023,6,1,0.0,0.0,0,0
1212,2023,7,1,0.0,0.0,0,0
1212,2024,7,8,0.0,0.0,0,0
1212,2025,5,1,0.0,0.0,0,0
1212,2025,6,3,0.0,0.0,0,0
1212,2025,7,4,0.0,0.0,0,0
1212,2025,8,1,0.0,0.0,0,0
1213,2021,2,2,1.0,0.0,0,0
1213,2024,10,1,0.0,0.0,0,0
1213,2024,11,1,0.0,0.0,0,0
1213,2025,6,1,0.0,0.0,0,0
1213,2025,8,1,0.0,0.0,0,0
1213,2026,1,1,0.0,0.0,0,0
1213,2026,9,1,0.0,0.0,0,0
1215,2024,7,1,0.0,0.0,0,0
1216,2023,6,1,0.0,0.0,0,0
1216,2025,6,1,0.0,0.0,0,0
1216,2025,7,1,0.0,0.0,0,0
1217,2023,6,3,0.0,0.0,0,0
1217,2023,7,6,0.0,0.0,0,0
1217,2023,8,1,0.0,0.0,0,0
1217,2023,10,1,0.0,0.0,0,0
1217,2024,3,1,0.0,0.0,0,0
1217,2024,4,2,0.0,0.0,0,0
1217,2024,7,7,0.0,0.0,0,0
1217,2024,10,1,0.0,0.0,0,0
1217,2025,5,1,0.0,0.0,0,0
1217,2025,6,1,0.0,0.0,0,0
1217,2025,7,1,0.0,0.0,0,0
1217,2026,8,1,0.0,0.0,0,0
1218,2024,3,1,0.0,0.0,0,0
1220,2023,5,1,0.0,0.0,0,0
1220,2023,6,2,0.0,0.0,0,0
1220,2023,7,1,0.0,0.0,0,0
1220,2024,2,1,0.0,0.0,0,0
1220,2024,6,1,0.0,0.0,0,0
1220,2024,7,6,0.0,0.0,0,0
1220,2024,8,4,0.0,0.0,0,0
1220,2024,9,1,0.0,0.0,0,0
1220,2024,10,3,0.0,0.0,0,0
1220,2024,11,1,0.0,0.0,0,0
1220,2025,5,1,0.0,0.0,0,0
1220,2025,6,1,0.0,0.0,0,0
1220,2025,7,7,0.0,0.0,0,0
1220,2025,8,8,0.0,0.0,0,0
1220,2025,9,3,0.0,0.0,0,0
1220,2026,7,1,0.0,0.0,0,0
1220,2026,9,1,0.0,0.0,0,0
1221,2023,6,1,0.0,0.0,0,0
1221,2023,7,1,0.0,0.0,0,0
1221,2023,8,1,0.0,0.0,0,0
1221,2024,3,1,0.0,0.0,0,0
1221,2024,7,2,0.0,0.0,0,0
1221,2024,8,1,0.0,0.0,0,0
1221,2024,10,6,0.0,0.0,0,0
1221,2025,7,3,0.0,0.0,0,0
1221,2025,11,1,0.0,0.0,0,0
1222,2024,2,1,0.0,0.0,0,0
1222,2024,3,1,0.0,0.0,0,0
1222,2024,5,1,0.0,0.0,0,0
1222,2024,7,3,0.0,0.0,0,0
1222,2024,8,2,0.0,0.0,0,0
1222,2024,10,2,0.0,0.0,0,0
1223,2023,5,1,0.0,0.0,0,0
1223,2023,7,2,0.0,0.0,0,0
1223,2023,8,3,0.0,0.0,0,0
1223,2024,2,1,0.0,0.0,0,0
1223,2024,3,6,0.0,0.0,0,0
1223,2024,4,2,0.0,0.0,0,0
1223,2024,5,2,0.0,0.0,0,0
1223,2024,7,5,0.0,0.0,0,0
1223,2024,8,2,0.0,0.0,0,0
1223,2024,9,2,0.0,0.0,0,0
1223,2026,3,1,0.0,0.0,0,0
1224,2025,2,1,0.0,0.0,0,0
1224,2025,7,2,0.0,0.0,0,0
1225,2025,6,1,0.0,0.0,0,0
1272,2024,7,1,0.0,0.0,0,0
1273,2021,2,1,0.0,0.0,0,0
1273,2021,9,1,0.0,0.0,0,0
1273,2025,8,1,0.0,0.0,0,0
1275,2024,4,1,0.0,0.0,0,0
1277,2023,6,1,0.0,0.0,0,0
1277,2024,7,2,0.0,0.0,0,0
1277,2024,8,1,0.0,0.0,0,0
1277,2024,9,1,0.0,0.0,0,0
1277,2025,11,1,0.0,0.0,0,0
1301,2021,2,1,0.0,0.0,0,0
1301,2022,3,1,0.0,0.0,0,0
1301,2023,2,3,0.0,0.0,0,0
1301,2023,5,2,0.0,0.0,0,0
1301,2023,10,1,0.0,0.0,0,0
1301,2025,7,2,0.0,0.0,0,0
1301,2025,8,1,0.0,0.0,0,0
1302,2025,7,2,0.0,0.0,0,0
1302,2025,8,2,0.0,0.0,0,0
1302,2026,6,1,0.0,0.0,0,0
1303,2021,2,1,0.0,0.0,0,0
1303,2023,1,1,0.0,0.0,0,0
1303,2024,10,3,0.0,0.0,0,0
1304,2024,10,1,0.0,0.0,0,0
1304,2025,6,1,0.0,0.0,0,0
1304,2025,7,6,0.0,0.0,0,0
1304,2025,8,6,0.0,0.0,0,0
1305,2021,2,4,0.0,0.0,2,0
1306,2021,2,4,0.0,0.0,0,0
1306,2022,4,1,0.0,0.0,0,0
1306,2024,7,1,0.0,0.0,0,0
1306,2025,2,1,0.0,0.0,0,0
1306,2025,8,1,0.0,0.0,0,0
1307,2021,2,6,0.0,0.0,0,0
1307,2022,5,4,0.0,0.0,0,0
1307,2022,7,1,0.0,0.0,0,0
1307,2023,1,3,0.0,0.0,0,0
1307,2023,2,3,0.0,0.0,0,0
1307,2023,9,1,0.0,0.0,0,0
1307,2024,7,2,0.0,0.0,0,0
1307,2025,5,1,0.0,0.0,0,0
1307,2025,6,3,0.0,0.0,0,0
1307,2025,7,4,0.0,0.0,0,0
1307,2025,8,3,0.0,0.0,0,0
1307,2026,8,1,0.0,0.0,0,0
1308,2022,7,1,0.0,0.0,0,0
1308,2025,8,1,0.0,0.0,0,0
1371,2025,6,1,0.0,0.0,0,0
1372,2025,7,1,0.0,0.0,0,0
1401,2021,2,1,0.0,0.0,0,0
1401,2021,3,2,0.0,0.0,0,0
1401,2021,4,1,0.0,0.0,0,0
1401,2021,10,2,0.0,0.0,0,0
1401,2022,1,1,0.0,0.0,0,0
1401,2022,3,1,0.0,0.0,0,0
1401,2022,6,1,0.0,0.0,0,0
1401,2022,7,2,0.0,0.0,0,0
1401,2022,8,1,0.0,0.0,0,0
1401,2023,1,1,0.0,0.0,0,0
1401,2023,6,3,0.0,0.0,0,0
1401,2023,7,6,0.0,0.0,0,0
1401,2023,8,9,0.0,0.0,0,0
1401,2023,9,12,0.0,0.0,0,0
1401,2023,10,3,0.0,0.0,0,0
1401,2024,7,2,0.0,0.0,0,0
1401,2025,4,1,0.0,0.0,0,0
1401,2025,6,4,0.0,0.0,0,0
1401,2025,7,19,0.0,0.0,0,0
1401,2025,8,13,0.0,0.0,0,0
1401,2025,10,5,0.0,0.0,0,0
1401,2025,11,6,0.0,0.0,0,0
1401,2026,1,1,0.0,0.0,0,0
1401,2026,5,1,0.0,0.0,0,0
1401,2026,8,1,0.0,0.0,0,0
1402,2021,2,5,0.0,0.0,0,0
1402,2021,7,2,0.0,0.0,0,0
1402,2022,1,1,0.0,0.0,0,0
1402,2022,8,1,0.0,0.0,0,0
1402,2023,1,1,0.0,0.0,0,0
1402,2023,7,2,0.0,0.0,0,0
1402,2023,8,4,0.0,0.0,0,0
1402,2023,9,7,0.0,0.0,0,0
1402,2023,10,10,0.0,0.0,0,0
1402,2023,11,1,0.0,0.0,0,0
1402,2024,5,1,0.0,0.0,0,0
1402,2025,2,1,0.0,0.0,0,0
1402,2025,6,1,0.0,0.0,0,0
1402,2025,7,2,0.0,0.0,0,0
1402,2025,8,3,0.0,0.0,0,0
1402,2026,1,2,0.0,0.0,0,0
1402,2026,6,2,0.0,0.0,0,0
1402,2026,7,1,0.0,0.0,0,0
1402,2026,8,3,0.0,0.0,0,0
1403,2021,2,3,0.0,0.0,0,0
1403,2021,3,1,0.0,0.0,0,0
1403,2021,6,1,0.0,0.0,0,0
1403,2021,7,1,0.0,0.0,0,0
1403,2021,9,1,0.0,0.0,0,0
1403,2022,1,1,0.0,0.0,0,0
1403,2022,2,1,0.0,0.0,0,0
1403,2022,3,1,0.0,0.0,0,0
1403,2022,4,1,0.0,0.0,0,0
1403,2022,6,1,0.0,0.0,0,0
1403,2022,7,2,0.0,0.0,0,0
1403,2022,8,1,0.0,0.0,0,0
1403,2023,1,2,0.0,0.0,0,0
1403,2023,7,3,0.0,0.0,0,0
1403,2023,8,4,0.0,0.0,0,0
1403,2023,10,2,0.0,0.0,0,0
1403,2024,1,1,0.0,0.0,0,0
1403,2025,2,5,0.0,1.0,0,0
1403,2025,3,1,0.0,0.0,0,0
1403,2025,7,5,0.0,0.0,0,0
1403,2025,8,6,0.0,0.0,0,0
1403,2026,1,1,0.0,0.0,0,0
1403,2026,6,1,0.0,0.0,0,0
1403,2026,7,1,0.0,0.0,0,0
1404,2021,2,4,0.0,0.0,0,0
1404,2021,3,1,0.0,0.0,0,0
1404,2022,1,2,0.0,0.0,0,0
1404,2022,6,1,0.0,0.0,0,0
1404,2022,7,1,0.0,0.0,0,0
1404,2023,1,1,0.0,0.0,0,0
1404,2023,7,1,0.0,0.0,0,0
1404,2023,8,3,0.0,0.0,0,0
1404,2023,9,12,0.0,0.0,0,0
1404,2023,10,8,0.0,0.0,0,0
1404,2023,11,1,0.0,0.0,0,0
1404,2024,7,1,0.0,0.0,0,0
1404,2025,2,4,0.0,0.0,0,0
1404,2025,6,1,0.0,0.0,0,0
1404,2025,7,2,0.0,0.0,0,0
1404,2025,9,2,0.0,0.0,0,0
1404,2025,11,2,0.0,0.0,0,0
1404,2026,1,1,0.0,0.0,0,0
1404,2026,7,2,0.0,0.0,0,0
1404,2026,8,3,0.0,0.0,0,0
1405,2021,2,2,0.0,0.0,0,0
1405,2021,3,1,0.0,0.0,0,0
1405,2022,1,1,0.0,0.0,0,0
1405,2023,1,1,0.0,0.0,0,0
1405,2023,7,2,0.0,0.0,0,0
1405,2023,8,2,0.0,0.0,0,0
1405,2023,9,5,0.0,0.0,0,0
1405,2024,1,1,0.0,0.0,0,0
1405,2025,2,4,0.0,0.0,0,0
1405,2025,6,2,0.0,0.0,0,0
1405,2025,7,7,0.0,0.0,0,0
1405,2025,8,3,0.0,0.0,0,0
1405,2025,9,1,0.0,0.0,0,0
1405,2026,1,1,0.0,0.0,0,0
1405,2026,7,2,0.0,0.0,0,0
1406,2021,2,1,0.0,0.0,0,0
1406,2022,1,1,0.0,0.0,0,0
1406,2022,6,1,0.0,0.0,0,0
1406,2022,7,1,0.0,0.0,0,0
1406,2023,1,1,0.0,0.0,0,0
1406,2023,7,2,0.0,0.0,0,0
1406,2023,8,1,0.0,0.0,0,0
1406,2023,9,5,0.0,0.0,0,0
1406,2025,6,2,0.0,0.0,0,0
1406,2025,7,3,0.0,0.0,0,0
1406,2025,11,2,0.0,0.0,0,0
1406,2026,6,2,0.0,0.0,0,0
1407,2021,2,2,0.0,0.0,0,0
1407,2022,1,1,0.0,0.0,0,0
1407,2022,7,1,0.0,0.0,0,0
1407,2022,8,1,0.0,0.0,0,0
1407,2023,1,1,0.0,0.0,0,0
1407,2023,7,2,0.0,0.0,0,0
1407,2023,8,5,0.0,0.0,0,0
1407,2023,10,1,0.0,0.0,0,0
1407,2025,7,8,0.0,0.0,0,0
1407,2025,8,1,0.0,0.0,0,0
1407,2025,11,1,0.0,0.0,0,0
1407,2026,1,1,0.0,0.0,0,0
1407,2026,5,1,0.0,0.0,0,0
1407,2026,6,1,0.0,0.0,0,0
1407,2026,7,1,0.0,0.0,0,0
1407,2026,9,1,0.0,0.0,0,0
1408,2021,2,2,0.0,0.0,0,0
1408,2021,7,1,0.0,0.0,0,0
1408,2022,1,1,0.0,0.0,0,0
1408,2023,1,2,0.0,0.0,0,0
1408,2023,7,3,0.0,0.0,0,0
1408,2023,8,3,0.0,0.0,0,0
1408,2023,10,2,0.0,0.0,0,0
1408,2025,2,4,0.0,0.0,0,0
1408,2025,6,2,0.0,0.0,0,0
1408,2025,7,11,0.0,0.0,0,0
1408,2025,8,7,0.0,0.0,0,0
1408,2025,9,1,0.0,0.0,0,0
1408,2025,10,1,0.0,0.0,0,0
1408,2025,11,3,0.0,0.0,0,0
1408,2026,5,2,0.0,0.0,0,0
1408,2026,6,1,0.0,0.0,0,0
1408,2026,7,1,0.0,0.0,0,0
1408,2026,8,4,0.0,0.0,0,0
1409,2022,1,1,0.0,0.0,0,0
1409,2023,1,1,0.0,0.0,0,0
1409,2023,9,2,0.0,0.0,0,0
1409,2023,10,8,0.0,0.0,0,0
1409,2025,5,1,0.0,0.0,0,0
1409,2025,7,3,0.0,0.0,0,0
1409,2025,10,1,0.0,0.0,0,0
1409,2026,1,1,0.0,0.0,0,0
1409,2026,8,1,0.0,0.0,0,0
1410,2021,2,2,0.0,0.0,0,0
1410,2021,3,1,0.0,0.0,0,0
1410,2022,1,1,0.0,0.0,0,0
1410,2023,1,1,0.0,0.0,0,0
1410,2023,7,1,0.0,0.0,0,0
1410,2023,8,4,0.0,0.0,0,0
1410,2023,9,6,0.0,0.0,0,0
1410,2023,10,1,0.0,0.0,0,0
1410,2024,1,1,0.0,0.0,0,0
1410,2025,2,2,0.0,0.0,0,0
1410,2025,6,2,0.0,0.0,0,0
1410,2025,7,1,0.0,0.0,0,0
1410,2026,1,1,0.0,0.0,0,0
1410,2026,7,1,0.0,0.0,0,0
1410,2026,8,1,0.0,0.0,0,0
1471,2021,2,1,0.0,0.0,0,0
1471,2021,6,1,0.0,0.0,0,0
1471,2022,1,1,0.0,0.0,0,0
1471,2023,1,2,0.0,0.0,0,0
1471,2023,7,4,0.0,0.0,0,0
1471,2023,8,3,0.0,0.0,0,0
1471,2023,10,1,0.0,0.0,0,0
1471,2025,2,2,0.0,0.0,0,0
1471,2025,3,1,0.0,0.0,0,0
1471,2025,6,3,0.0,0.0,0,0
1471,2025,7,18,0.0,0.0,0,0
1471,2025,9,1,0.0,0.0,0,0
1471,2025,10,1,0.0,0.0,0,0
1471,2025,11,2,0.0,0.0,0,0
1471,2026,1,1,0.0,0.0,0,0
1471,2026,5,2,0.0,0.0,0,0
1471,2026,8,2,0.0,0.0,0,0
1472,2021,2,5,0.0,0.0,0,0
1472,2022,1,1,0.0,0.0,0,0
1472,2022,6,1,0.0,0.0,0,0
1472,2022,7,1,0.0,0.0,0,0
1472,2023,1,1,0.0,0.0,0,0
1472,2023,7,3,0.0,0.0,0,0
1472,2023,8,2,0.0,0.0,0,0
1472,2023,10,2,0.0,0.0,0,0
1472,2024,1,1,0.0,0.0,0,0
1472,2024,2,1,0.0,0.0,0,0
1472,2024,3,1,0.0,0.0,0,0
1472,2025,2,4,0.0,0.0,0,0
1472,2025,6,4,0.0,0.0,0,0
1472,2025,7,3,0.0,0.0,0,0
1472,2025,8,4,0.0,0.0,0,0
1472,2025,11,1,0.0,0.0,0,0
1472,2026,1,1,0.0,0.0,0,0
1472,2026,6,1,0.0,0.0,0,0
1501,2021,4,1,0.0,0.0,0,0
1501,2023,9,3,0.0,0.0,0,0
1501,2025,1,1,0.0,0.0,0,0
1502,2023,1,1,0.0,0.0,0,0
1502,2023,8,1,0.0,0.0,0,0
1502,2023,9,2,0.0,0.0,0,0
1502,2023,10,6,0.0,0.0,0,0
1502,2024,7,2,0.0,0.0,0,0
1502,2024,8,3,0.0,0.0,0,0
1502,2024,10,3,0.0,0.0,0,0
1502,2025,1,2,0.0,0.0,0,0
1502,2025,2,1,0.0,0.0,0,0
1502,2025,7,1,0.0,0.0,0,0
1503,2021,8,3,0.0,0.0,0,0
1503,2023,1,1,0.0,0.0,0,0
1503,2024,7,1,0.0,0.0,0,0
1503,2025,7,1,0.0,0.0,0,0
1503,2025,8,2,0.0,0.0,0,0
1504,2021,3,1,0.0,0.0,0,0
1504,2021,5,1,0.0,0.0,0,0
1504,2021,6,1,0.0,0.0,0,0
1504,2021,7,4,0.0,0.0,0,0
1504,2021,8,2,0.0,0.0,0,0
1504,2021,9,1,0.0,0.0,0,0
1504,2022,6,1,0.0,0.0,0,0
1504,2022,8,1,0.0,0.0,0,0
1504,2023,1,1,0.0,0.0,0,0
1504,2023,6,5,0.0,0.0,0,0
1504,2023,7,4,0.0,0.0,0,0
1504,2023,8,4,0.0,0.0,0,0
1504,2023,9,8,0.0,0.0,0,0
1504,2023,10,6,0.0,0.0,0,0
1504,2024,7,5,0.0,0.0,0,0
1504,2024,8,11,0.0,0.0,0,0
1504,2024,9,2,0.0,0.0,0,0
1504,2024,10,1,0.0,0.0,0,0
1504,2025,7,1,0.0,0.0,0,0
1504,2026,3,1,0.0,0.0,0,0
1504,2026,4,1,0.0,0.0,0,0
1504,2026,6,1,0.0,0.0,0,0
1504,2026,7,1,0.0,0.0,0,0
1505,2021,2,2,0.0,0.0,0,0
1505,2021,3,3,0.0,0.0,0,0
1505,2021,8,1,0.0,0.0,0,0
1505,2022,5,1,0.0,0.0,0,0
1505,2022,9,1,0.0,0.0,0,0
1505,2023,1,1,0.0,0.0,0,0
1505,2024,5,1,0.0,0.0,0,0
1505,2024,7,5,0.0,0.0,0,0
1505,2024,8,7,0.0,0.0,0,0
1505,2024,9,5,0.0,0.0,0,0
1505,2025,7,1,0.0,0.0,0,0
1506,2023,1,1,0.0,0.0,0,0
1506,2023,6,2,0.0,0.0,0,0
1506,2023,7,1,0.0,0.0,0,0
1506,2023,8,2,0.0,0.0,0,0
1506,2023,10,1,0.0,0.0,0,0
1506,2024,5,1,0.0,0.0,0,0
1506,2024,7,2,0.0,0.0,0,0
1506,2025,7,1,0.0,0.0,0,0
1507,2021,3,3,0.0,0.0,0,0
1507,2023,8,1,0.0,0.0,0,0
1507,2023,10,1,0.0,0.0,0,0
1507,2024,7,1,0.0,0.0,0,0
1507,2024,8,4,0.0,0.0,0,0
1508,2023,1,1,0.0,0.0,0,0
1508,2023,10,8,0.0,0.0,0,0
1508,2024,8,9,0.0,0.0,0,0
1508,2024,9,4,0.0,0.0,0,0
1508,2024,10,7,0.0,0.0,0,0
1508,2024,11,3,0.0,0.0,0,0
1508,2024,12,1,0.0,0.0,0,0
1508,2025,7,1,0.0,0.0,0,0
1509,2023,1,1,0.0,0.0,0,0
1509,2025,7,1,0.0,0.0,0,0
1572,2021,11,1,0.0,0.0,0,0
1572,2024,7,1,0.0,0.0,0,0
1601,2021,6,1,0.0,0.0,0,0
1601,2021,7,5,0.0,0.0,0,0
1601,2022,1,1,0.0,0.0,0,0
1601,2023,1,1,0.0,0.0,0,0
1601,2025,6,1,0.0,0.0,0,0
1601,2026,7,1,0.0,0.0,0,0
1602,2021,9,1,0.0,0.0,0,0
1602,2022,1,1,0.0,0.0,0,0
1602,2023,1,1,0.0,0.0,0,0
1602,2023,8,2,0.0,0.0,0,0
1602,2023,9,1,0.0,0.0,0,0
1602,2023,11,1,0.0,0.0,0,0
1602,2024,8,1,0.0,0.0,0,0
1602,2024,9,2,0.0,0.0,0,0
1602,2024,10,2,0.0,0.0,0,0
1602,2025,9,1,0.0,0.0,0,0
1602,2026,7,2,0.0,0.0,0,0
1603,2021,8,1,0.0,0.0,0,0
1603,2022,1,1,0.0,0.0,0,0
1603,2022,8,1,0.0,0.0,0,0
1603,2022,9,1,0.0,0.0,0,0
1603,2023,1,1,0.0,0.0,0,0
1603,2024,7,4,0.0,0.0,0,0
1603,2024,8,16,0.0,0.0,0,0
1603,2024,9,12,0.0,0.0,0,0
1603,2024,10,1,0.0,0.0,0,0
1603,2024,11,1,0.0,0.0,0,0
1603,2025,7,2,0.0,0.0,0,0
1603,2025,8,2,0.0,0.0,0,0
1603,2025,9,4,0.0,0.0,0,0
1603,2026,5,1,0.0,0.0,0,0
1603,2026,8,1,0.0,0.0,0,0
1604,2022,1,1,0.0,0.0,0,0
1604,2023,9,4,0.0,0.0,0,0
1604,2024,7,1,0.0,0.0,0,0
1604,2024,8,2,0.0,0.0,0,0
1604,2024,9,1,0.0,0.0,0,0
1604,2024,10,1,0.0,0.0,0,0
1604,2026,1,1,0.0,0.0,0,0
1605,2022,1,1,0.0,0.0,0,0
1605,2023,1,1,0.0,0.0,0,0
1605,2024,7,1,0.0,0.0,0,0
1605,2024,9,3,0.0,0.0,0,0
1605,2025,7,1,0.0,0.0,0,0
1606,2021,12,1,0.0,0.0,0,0
1606,2022,1,1,0.0,0.0,0,0
1606,2022,3,2,0.0,0.0,0,0
1606,2022,5,1,0.0,0.0,0,0
1606,2022,8,1,0.0,0.0,0,0
1606,2023,1,1,0.0,0.0,0,0
1606,2023,5,2,0.0,0.0,0,0
1606,2024,7,4,0.0,0.0,0,0
1606,2024,8,7,0.0,0.0,0,0
1606,2024,9,6,0.0,0.0,0,0
1606,2025,7,1,0.0,0.0,0,0
1606,2026,1,1,0.0,0.0,0,0
1606,2026,6,1,0.0,0.0,0,0
1606,2026,7,1,0.0,0.0,0,0
1607,2021,7,1,0.0,0.0,0,0
1607,2021,8,1,0.0,0.0,0,0
1607,2021,10,1,0.0,0.0,0,0
1607,2022,1,1,0.0,0.0,0,0
1607,2022,7,1,0.0,0.0,0,0
1607,2022,8,2,0.0,0.0,0,0
1607,2023,8,1,0.0,0.0,0,0
1607,2023,9,1,0.0,0.0,0,0
1607,2023,10,1,0.0,0.0,0,0
1607,2024,7,8,0.0,0.0,0,0
1607,2024,8,13,0.0,0.0,0,0
1607,2024,9,7,0.0,0.0,0,0
1607,2024,10,3,0.0,0.0,0,0
1607,2025,9,1,0.0,0.0,0,0
1608,2024,7,1,0.0,0.0,0,0
1609,2022,1,1,0.0,0.0,0,0
1609,2023,1,1,0.0,0.0,0,0
1610,2021,2,1,0.0,4.0,11,3
1610,2021,7,5,0.0,0.0,0,0
1610,2021,8,2,0.0,0.0,0,0
1610,2021,9,1,0.0,0.0,0,0
1610,2021,10,2,0.0,0.0,0,0
1610,2022,1,1,0.0,0.0,0,0
1610,2022,3,2,0.0,0.0,0,0
1610,2022,6,1,0.0,0.0,0,0
1610,2022,7,1,0.0,0.0,0,0
1610,2022,8,3,0.0,0.0,0,0
1610,2023,1,2,0.0,0.0,0,0
1610,2023,2,2,0.0,0.0,0,0
1610,2023,6,1,0.0,0.0,0,0
1610,2023,7,1,0.0,0.0,0,0
1610,2023,8,1,0.0,0.0,0,0
1610,2023,9,1,0.0,0.0,0,0
1610,2023,10,1,0.0,0.0,0,0
1610,2024,6,1,0.0,0.0,0,0
1610,2024,7,8,0.0,0.0,0,0
1610,2024,8,25,0.0,0.0,0,0
1610,2024,9,14,0.0,0.0,0,0
1610,2024,10,7,0.0,0.0,0,0
1610,2024,11,3,0.0,0.0,0,0
1610,2025,5,2,0.0,0.0,0,0
1610,2025,6,1,0.0,0.0,0,0
1610,2025,7,15,0.0,0.0,0,0
1610,2025,8,8,0.0,0.0,0,0
1610,2025,9,7,0.0,0.0,0,0
1610,2025,10,2,0.0,0.0,0,0
1610,2026,4,1,0.0,0.0,0,0
1610,2026,5,1,0.0,0.0,0,0
1610,2026,7,4,0.0,0.0,0,0
1611,2022,1,1,0.0,0.0,0,0
1611,2024,7,1,0.0,0.0,0,0
1612,2022,1,1,0.0,0.0,0,0
1612,2023,1,1,0.0,0.0,0,0
1612,2023,5,1,0.0,0.0,0,0
1612,2023,7,1,0.0,0.0,0,0
1612,2023,8,1,0.0,0.0,0,0
1612,2023,9,1,0.0,0.0,0,0
1612,2024,7,6,0.0,0.0,0,0
1612,2024,8,12,0.0,0.0,0,0
1612,2024,9,2,0.0,0.0,0,0
1612,2024,10,10,0.0,0.0,0,0
1612,2024,11,2,0.0,0.0,0,0
1612,2025,7,1,0.0,0.0,0,0
1613,2022,1,1,0.0,0.0,0,0
1613,2023,1,2,0.0,0.0,0,0
1613,2023,5,1,0.0,0.0,0,0
1613,2024,6,1,0.0,0.0,0,0
1613,2024,7,2,0.0,0.0,0,0
1613,2024,8,1,0.0,0.0,0,0
1613,2026,1,1,0.0,0.0,0,0
1671,2022,1,1,0.0,0.0,0,0
1671,2023,1,1,0.0,0.0,0,0
1671,2026,7,1,0.0,0.0,0,0
1672,2024,10,1,0.0,0.0,0,0
1673,2022,3,1,0.0,0.0,0,0
1674,2021,12,1,0.0,0.0,0,0
1674,2022,1,1,0.0,0.0,0,0
1674,2022,3,1,0.0,0.0,0,0
1674,2023,1,1,0.0,0.0,0,0
1674,2023,9,2,0.0,0.0,0,0
1674,2024,6,1,0.0,0.0,0,0
1674,2024,9,2,0.0,0.0,0,0
1674,2025,3,1,0.0,0.0,0,0
1674,2026,9,1,0.0,0.0,0,0
1702,2023,9,3,0.0,0.0,0,0
1703,2023,9,1,0.0,0.0,0,0
1706,2024,7,1,0.0,0.0,0,0
1706,2025,5,1,0.0,0.0,0,0
1708,2023,9,6,0.0,0.0,0,0
1708,2025,7,1,0.0,0.0,0,0
1709,2023,9,1,0.0,0.0,0,0
1801,2026,9,1,0.0,0.0,0,0
1804,2023,9,2,0.0,0.0,0,0
1805,2024,8,1,0.0,0.0,0,0
1806,2023,10,1,0.0,0.0,0,0
1806,2026,9,1,0.0,0.0,0,0
1807,2024,8,2,0.0,0.0,0,0
1807,2026,8,1,0.0,0.0,0,0
1807,2026,9,2,0.0,0.0,0,0
1808,2023,8,1,0.0,0.0,0,0
1808,2023,9,4,0.0,0.0,0,0
1808,2026,8,1,0.0,0.0,0,0
1808,2026,9,2,0.0,0.0,0,0
1809,2023,9,7,0.0,0.0,0,0
1809,2023,10,1,0.0,0.0,0,0
1809,2026,9,2,0.0,0.0,0,0
1810,2023,10,1,0.0,0.0,0,0
1810,2026,9,2,0.0,0.0,0,0
1811,2023,9,5,0.0,0.0,0,0
1811,2023,10,1,0.0,0.0,0,0
1811,2024,8,1,0.0,0.0,0,0
1811,2024,9,3,0.0,0.0,0,0
1811,2026,7,1,0.0,0.0,0,0
1811,2026,8,1,0.0,0.0,0,0
1811,2026,9,5,0.0,0.0,0,0
1813,2023,9,1,0.0,0.0,0,0
1813,2023,10,3,0.0,0.0,0,0
1813,2026,9,1,0.0,0.0,0,0
1871,2023,10,1,0.0,0.0,0,0
1901,2021,3,1,0.0,0.0,0,0
1901,2021,6,1,0.0,0.0,0,0
1901,2023,3,1,0.0,0.0,0,0
1901,2023,6,2,0.0,0.0,0,0
1901,2023,8,1,0.0,0.0,0,0
1901,2023,9,1,0.0,0.0,0,0
1902,2022,1,1,0.0,0.0,0,0
1902,2023,4,2,0.0,0.0,0,0
1902,2023,8,8,0.0,0.0,0,0
1902,2023,9,14,0.0,0.0,0,0
1902,2023,10,1,0.0,0.0,0,0
1902,2023,11,1,0.0,0.0,0,0
1902,2024,8,1,0.0,0.0,0,0
1902,2025,2,3,0.0,0.0,0,0
1903,2022,2,2,0.0,0.0,0,0
1904,2021,3,1,0.0,0.0,0,0
1904,2021,6,1,0.0,0.0,0,0
1904,2021,7,2,0.0,0.0,0,0
1904,2021,8,3,0.0,0.0,0,0
1904,2021,9,1,0.0,0.0,0,0
1904,2022,1,2,0.0,0.0,0,0
1904,2022,2,4,0.0,0.0,0,0
1904,2023,3,2,0.0,0.0,0,0
1904,2023,4,2,0.0,0.0,0,0
1904,2023,6,1,0.0,0.0,0,0
1904,2023,7,2,0.0,0.0,0,0
1904,2023,8,4,0.0,0.0,0,0
1904,2023,9,8,0.0,0.0,0,0
1904,2025,2,1,0.0,0.0,0,0
1904,2026,7,1,0.0,0.0,0,0
1904,2026,8,1,0.0,0.0,1,0
1905,2022,2,1,0.0,0.0,0,0
1905,2026,8,1,0.0,0.0,0,0
1905,2026,9,3,0.0,0.0,0,0
1906,2022,2,1,0.0,0.0,0,0
1906,2022,3,1,0.0,0.0,0,0
1906,2023,2,3,0.0,0.0,0,0
1906,2023,5,3,0.0,0.0,0,0
1906,2023,6,3,0.0,0.0,0,0
1906,2023,7,4,0.0,0.0,0,0
1906,2023,8,10,0.0,0.0,0,0
1906,2023,9,11,0.0,0.0,0,0
1906,2023,10,1,0.0,0.0,0,0
1906,2024,7,1,0.0,0.0,0,0
1906,2024,8,6,0.0,0.0,0,0
1906,2024,9,7,0.0,0.0,0,0
1906,2024,10,4,0.0,0.0,0,0
1906,2025,7,1,0.0,0.0,0,0
1906,2026,6,1,0.0,0.0,0,0
1906,2026,7,5,0.0,0.0,0,0
1906,2026,8,7,0.0,1.0,0,0
1906,2026,9,8,0.0,0.0,0,0
1971,2022,2,1,0.0,0.0,0,0
1971,2023,8,1,0.0,0.0,0,0
1971,2023,9,2,0.0,0.0,0,0
1971,2023,10,3,0.0,0.0,0,0
1971,2026,3,1,0.0,0.0,0,0
1971,2026,7,1,0.0,0.0,0,0
1971,2026,9,4,0.0,0.0,0,0
2101,2021,1,4,0.0,0.0,0,0
2101,2021,2,28,0.0,0.0,0,0
2101,2021,3,19,0.0,0.0,0,0
2101,2022,8,1,0.0,0.0,0,0
2101,2023,2,1,0.0,0.0,0,0
2101,2023,4,6,0.0,0.0,0,0
2101,2023,5,4,0.0,0.0,0,0
2101,2023,6,2,0.0,0.0,0,0
2101,2023,7,8,0.0,0.0,0,0
2101,2023,8,9,0.0,0.0,0,0
2101,2023,9,8,0.0,0.0,0,0
2101,2023,10,2,0.0,0.0,0,0
2101,2023,12,1,0.0,0.0,0,0
2101,2024,1,1,0.0,0.0,0,0
2101,2024,2,9,0.0,0.0,0,0
2101,2024,3,10,0.0,0.0,0,0
2101,2024,4,1,0.0,0.0,0,0
2101,2024,7,4,0.0,0.0,0,0
2101,2024,8,3,0.0,0.0,0,0
2101,2024,9,1,0.0,0.0,0,0
2101,2024,10,1,0.0,0.0,0,0
2101,2024,11,1,0.0,0.0,0,0
2101,2024,12,1,0.0,0.0,0,0
2101,2025,1,2,0.0,0.0,0,0
2101,2025,2,2,0.0,0.0,0,0
2101,2025,3,1,0.0,0.0,0,0
2101,2026,3,3,0.0,0.0,0,0
2102,2023,2,1,0.0,0.0,0,0
2102,2023,6,2,0.0,0.0,0,0
2102,2023,7,1,0.0,0.0,0,0
2102,2023,8,2,0.0,0.0,0,0
2102,2023,9,2,0.0,0.0,0,0
2102,2024,2,5,0.0,0.0,0,0
2102,2024,3,5,0.0,0.0,0,0
2102,2024,4,2,0.0,0.0,0,0
2103,2023,1,1,0.0,0.0,0,0
2103,2023,2,2,0.0,0.0,0,0
2103,2023,4,1,0.0,0.0,0,0
2103,2023,5,2,0.0,0.0,0,0
2103,2023,7,2,0.0,0.0,0,0
2103,2023,8,2,0.0,0.0,0,0
2103,2024,3,8,0.0,0.0,0,0
2103,2024,8,1,0.0,0.0,0,0
2103,2026,3,2,0.0,0.0,0,0
2103,2026,8,2,0.0,0.0,0,0
2104,2023,2,2,0.0,0.0,0,0
2104,2023,9,1,0.0,0.0,0,0
2104,2024,2,1,0.0,0.0,0,0
2104,2024,7,1,0.0,0.0,0,0
2104,2026,1,1,0.0,0.0,0,0
2104,2026,2,1,0.0,0.0,0,0
2104,2026,3,1,0.0,0.0,0,0
2104,2026,5,1,0.0,0.0,0,0
2104,2026,8,1,0.0,0.0,0,0
2104,2026,9,3,0.0,0.0,0,0
2105,2023,4,1,0.0,0.0,0,0
2105,2024,3,1,0.0,0.0,0,0
2105,2024,4,1,0.0,0.0,0,0
2171,2023,10,1,0.0,0.0,0,0
2171,2026,8,1,0.0,0.0,0,0
2172,2021,1,1,0.0,0.0,0,0
2172,2021,2,17,0.0,0.0,0,0
2172,2021,3,6,0.0,0.0,0,0
2172,2021,7,2,0.0,0.0,0,0
2172,2021,9,2,0.0,0.0,0,0
2172,2021,10,1,0.0,0.0,0,0
2172,2021,12,2,0.0,0.0,0,0
2172,2023,2,2,0.0,0.0,0,0
2172,2023,6,1,0.0,0.0,0,0
2172,2023,7,4,0.0,0.0,0,0
2172,2024,2,1,0.0,0.0,0,0
3201,2023,9,3,0.0,0.0,0,0
3201,2023,10,2,0.0,0.0,0,0
3201,2026,9,2,0.0,0.0,0,0
3202,2023,7,1,0.0,0.0,0,0
3202,2023,8,2,0.0,0.0,0,0
3202,2023,9,10,0.0,0.0,0,0
3202,2026,8,2,0.0,0.0,0,0
3202,2026,9,1,0.0,0.0,0,0
3203,2023,9,1,0.0,0.0,0,0
3203,2023,10,1,1.0,0.0,0,0
3203,2026,8,2,0.0,0.0,0,0
3203,2026,9,1,0.0,0.0,0,0
3204,2021,4,1,0.0,0.0,0,0
3204,2021,10,1,0.0,0.0,0,0
3204,2023,7,2,0.0,0.0,0,0
3204,2023,8,1,0.0,0.0,0,0
3204,2023,9,6,0.0,0.0,0,0
3204,2023,10,3,0.0,0.0,0,0
3204,2024,8,4,0.0,0.0,0,0
3204,2026,7,3,0.0,0.0,0,0
3205,2023,7,1,0.0,0.0,0,0
3205,2023,10,3,0.0,0.0,0,0
3205,2024,10,1,0.0,0.0,0,0
3205,2026,8,1,0.0,0.0,0,0
3205,2026,9,1,0.0,0.0,0,0
3207,2023,10,3,0.0,0.0,0,0
3207,2023,12,1,0.0,0.0,0,0
3207,2026,8,1,0.0,0.0,0,0
3208,2022,9,1,0.0,0.0,0,0
3208,2023,8,4,0.0,0.0,0,0
3208,2023,9,4,0.0,0.0,0,0
3208,2023,10,2,0.0,0.0,0,0
3208,2024,9,1,0.0,0.0,0,0
3208,2026,8,1,0.0,0.0,0,0
3208,2026,9,1,0.0,0.0,0,0
3209,2021,6,1,0.0,0.0,0,0
3209,2021,9,2,0.0,0.0,0,0
3209,2021,10,2,0.0,0.0,0,0
3209,2023,7,3,0.0,0.0,0,0
3209,2023,8,3,0.0,0.0,0,0
3209,2023,9,6,0.0,0.0,0,0
3209,2023,10,3,0.0,0.0,0,0
3209,2024,7,1,0.0,0.0,0,0
3209,2024,8,1,0.0,0.0,0,0
3209,2024,10,1,0.0,0.0,0,0
3210,2021,8,1,0.0,1.0,0,0
3210,2021,9,1,0.0,0.0,0,0
3210,2021,10,1,0.0,0.0,0,0
3210,2022,8,1,0.0,0.0,0,0
3210,2022,9,2,0.0,0.0,0,0
3210,2023,5,1,0.0,0.0,0,0
3210,2023,6,3,0.0,0.0,0,0
3210,2023,7,1,0.0,0.0,0,0
3210,2023,8,9,0.0,0.0,0,0
3210,2023,9,13,0.0,0.0,0,0
3210,2023,10,8,0.0,0.0,0,0
3210,2023,11,2,0.0,0.0,0,0
3210,2024,7,1,0.0,0.0,0,0
3210,2024,9,1,0.0,0.0,0,0
3211,2021,9,1,0.0,0.0,0,0
3211,2022,9,1,0.0,0.0,0,0
3211,2023,7,2,0.0,0.0,0,0
3211,2023,8,1,0.0,0.0,0,0
3211,2023,9,7,0.0,0.0,0,0
3211,2023,10,5,0.0,0.0,0,0
3211,2025,7,1,0.0,0.0,0,0
3211,2026,6,1,0.0,0.0,0,0
3211,2026,9,1,0.0,0.0,0,0
3213,2023,7,2,0.0,0.0,0,0
3213,2023,8,2,0.0,0.0,0,0
3213,2023,9,11,0.0,0.0,0,0
3213,2023,10,10,0.0,0.0,0,0
3213,2024,8,2,0.0,0.0,0,0
3213,2024,9,2,0.0,0.0,0,0
3213,2026,7,2,0.0,0.0,0,0
3213,2026,8,3,0.0,0.0,0,0
3213,2026,9,3,0.0,0.0,0,0
3214,2023,9,1,0.0,0.0,0,0
3215,2023,9,1,0.0,0.0,0,0
3215,2023,10,1,0.0,0.0,0,0
3217,2023,10,1,0.0,0.0,0,0
3218,2023,9,1,0.0,0.0,0,0
3218,2026,8,1,0.0,0.0,0,0
3272,2023,9,2,0.0,0.0,0,0
3272,2026,9,1,0.0,0.0,0,0
3273,2026,9,1,0.0,0.0,0,0
3274,2021,8,2,0.0,0.0,0,0
3274,2021,10,1,0.0,0.0,0,0
3274,2023,9,2,0.0,0.0,0,0
3274,2024,10,1,0.0,0.0,0,0
3277,2023,9,2,0.0,0.0,0,0
3301,2023,8,1,0.0,0.0,0,0
3301,2023,9,5,0.0,0.0,0,0
3301,2023,10,12,0.0,0.0,0,0
3301,2023,11,3,0.0,0.0,0,0
3301,2024,7,1,0.0,0.0,0,0
3301,2024,9,1,0.0,0.0,0,0
3301,2024,10,1,0.0,0.0,0,0
3301,2026,8,1,0.0,0.0,0,0
3301,2026,9,1,0.0,0.0,0,0
3302,2021,9,1,0.0,0.0,0,0
3302,2023,8,1,0.0,0.0,0,0
3302,2023,9,2,0.0,0.0,0,0
3302,2023,10,4,0.0,0.0,0,0
3302,2024,8,2,0.0,0.0,0,0
3302,2024,9,2,0.0,0.0,0,0
3302,2026,7,2,0.0,0.0,0,0
3302,2026,8,3,0.0,0.0,0,0
3302,2026,9,3,0.0,0.0,0,0
3303,2026,8,1,0.0,0.0,0,0
3303,2026,9,1,0.0,0.0,0,0
3305,2023,10,1,0.0,0.0,0,0
3305,2024,8,1,0.0,0.0,0,0
3305,2024,9,1,0.0,0.0,0,0
3305,2025,2,1,0.0,0.0,0,0
3305,2026,9,2,0.0,0.0,0,0
3306,2023,11,1,0.0,0.0,0,0
3306,2024,9,1,0.0,0.0,0,0
3306,2026,9,3,0.0,0.0,0,0
3307,2023,9,1,0.0,0.0,0,0
3307,2024,9,1,0.0,0.0,0,0
3307,2026,9,1,0.0,0.0,0,0
3308,2021,7,1,0.0,0.0,0,0
3308,2021,8,1,0.0,0.0,0,0
3308,2021,9,1,0.0,0.0,0,0
3308,2023,8,1,0.0,0.0,0,0
3308,2023,9,10,0.0,0.0,0,0
3308,2023,10,8,0.0,1.0,0,0
3308,2023,11,2,0.0,0.0,0,0
3308,2026,9,2,0.0,0.0,0,0
3309,2021,8,1,0.0,0.0,0,0
3309,2023,10,1,0.0,0.0,0,0
3309,2026,6,1,0.0,0.0,0,0
3309,2026,9,4,0.0,0.0,0,0
3310,2023,6,5,0.0,0.0,0,0
3310,2023,7,7,0.0,0.0,0,0
3310,2023,8,6,0.0,0.0,0,0
3310,2023,9,6,0.0,0.0,0,0
3310,2023,10,6,0.0,0.0,0,0
3310,2023,11,1,0.0,0.0,0,0
3310,2024,8,5,0.0,4.0,0,0
3310,2024,9,3,0.0,0.0,0,0
3310,2025,6,1,0.0,0.0,0,0
3310,2025,7,1,0.0,0.0,0,0
3310,2025,8,2,0.0,0.0,0,0
3310,2025,9,1,0.0,0.0,0,0
3310,2025,10,1,0.0,0.0,0,0
3310,2026,6,1,0.0,0.0,0,0
3310,2026,7,5,0.0,0.0,0,0
3310,2026,8,13,0.0,0.0,0,0
3310,2026,9,12,0.0,0.0,0,0
3311,2023,7,1,0.0,0.0,0,0
3311,2023,8,5,0.0,0.0,0,0
3311,2023,9,4,0.0,0.0,0,0
3311,2023,10,1,0.0,0.0,0,0
3311,2024,8,3,0.0,0.0,0,0
3311,2025,8,2,0.0,0.0,0,0
3311,2026,6,2,0.0,0.0,0,0
3311,2026,7,2,0.0,0.0,0,0
3311,2026,8,3,0.0,0.0,0,0
3311,2026,9,4,0.0,0.0,0,0
3312,2023,7,1,0.0,0.0,0,0
3312,2023,8,3,0.0,0.0,0,0
3312,2023,9,6,0.0,0.0,0,0
3312,2023,10,3,0.0,0.0,0,0
3312,2026,7,2,0.0,0.0,0,0
3312,2026,8,3,0.0,0.0,0,0
3312,2026,9,5,0.0,0.0,0,0
3313,2023,8,2,0.0,0.0,0,0
3313,2023,9,3,0.0,0.0,0,0
3313,2024,8,1,0.0,0.0,0,0
3314,2021,9,1,0.0,0.0,0,0
3314,2023,5,1,0.0,0.0,0,0
3314,2023,7,8,0.0,0.0,0,0
3314,2023,8,6,0.0,0.0,0,0
3314,2023,9,6,0.0,1.0,0,0
3314,2023,10,9,0.0,0.0,0,0
3314,2024,8,2,0.0,0.0,0,0
3314,2024,9,1,0.0,0.0,0,0
3314,2025,8,2,0.0,0.0,0,0
3314,2025,9,4,0.0,0.0,0,0
3314,2026,7,4,0.0,0.0,0,0
3314,2026,8,5,0.0,0.0,0,0
3314,2026,9,5,0.0,0.0,0,0
3315,2023,8,1,0.0,0.0,0,0
3315,2023,9,2,0.0,0.0,0,0
3315,2026,7,1,0.0,0.0,0,0
3315,2026,8,1,0.0,0.0,0,0
3315,2026,9,4,0.0,0.0,0,0
3316,2021,8,2,0.0,0.0,0,0
3316,2023,7,2,0.0,0.0,0,0
3316,2023,9,1,0.0,0.0,0,0
3316,2026,7,2,0.0,0.0,0,0
3316,2026,9,1,0.0,0.0,0,0
3317,2021,8,1,0.0,0.0,0,0
3317,2023,5,1,0.0,0.0,0,0
3317,2023,6,1,0.0,0.0,0,0
3317,2024,10,1,0.0,0.0,0,0
3317,2026,9,2,0.0,0.0,0,0
3318,2021,8,1,0.0,0.0,0,0
3318,2021,9,1,0.0,0.0,0,0
3318,2023,7,1,0.0,0.0,0,0
3318,2024,7,1,0.0,0.0,0,0
3319,2021,8,1,0.0,0.0,0,0
3319,2023,7,1,0.0,0.0,0,0
3319,2023,8,2,0.0,0.0,0,0
3319,2023,9,2,0.0,0.0,0,0
3319,2023,10,6,0.0,0.0,0,0
3319,2023,11,1,0.0,0.0,0,0
3319,2024,8,1,0.0,0.0,0,0
3319,2025,9,1,0.0,0.0,0,0
3319,2025,10,2,0.0,0.0,0,0
3319,2026,8,2,0.0,0.0,0,0
3320,2023,9,2,0.0,0.0,0,0
3320,2026,8,2,0.0,0.0,0,0
3321,2024,8,1,0.0,0.0,0,0
3321,2026,8,1,0.0,0.0,0,0
3322,2023,7,1,0.0,0.0,0,0
3322,2023,8,1,0.0,0.0,0,0
3322,2023,9,5,0.0,0.0,0,0
3322,2023,10,4,0.0,0.0,0,0
3322,2023,11,1,0.0,0.0,0,0
3322,2024,8,2,0.0,0.0,0,0
3322,2024,9,2,0.0,0.0,0,0
3322,2025,9,1,0.0,0.0,0,0
3322,2026,7,1,0.0,0.0,0,0
3322,2026,8,3,0.0,0.0,0,0
3322,2026,9,5,0.0,0.0,0,0
3323,2023,9,2,0.0,0.0,0,0
3323,2026,9,1,0.0,0.0,0,0
3324,2021,9,1,0.0,0.0,0,0
3324,2023,6,2,0.0,0.0,0,0
3324,2023,8,1,0.0,0.0,0,0
3324,2023,9,2,0.0,0.0,0,0
3324,2024,8,2,0.0,0.0,0,0
3325,2023,8,2,0.0,0.0,0,0
3325,2023,9,1,0.0,0.0,0,0
3326,2023,9,1,0.0,0.0,0,0
3326,2026,9,2,0.0,0.0,0,0
3327,2023,8,1,0.0,0.0,0,0
3327,2023,9,2,0.0,0.0,0,0
3328,2023,6,1,0.0,0.0,0,0
3328,2023,8,1,0.0,0.0,0,0
3371,2023,7,1,0.0,0.0,0,0
3372,2023,9,1,0.0,0.0,0,0
3372,2026,8,1,0.0,0.0,0,0
3372,2026,9,2,0.0,0.0,0,0
3373,2023,8,1,0.0,0.0,0,0
3373,2023,9,1,0.0,0.0,0,0
3374,2023,6,1,0.0,0.0,0,0
3374,2023,7,1,0.0,0.0,0,0
3374,2023,8,2,0.0,0.0,0,0
3374,2023,9,4,0.0,0.0,0,0
3374,2023,11,1,0.0,0.0,0,0
3374,2026,9,2,0.0,0.0,0,0
3376,2023,9,1,0.0,0.0,0,0
3376,2024,7,1,0.0,0.0,0,0
3376,2024,8,1,0.0,0.0,0,0
3401,2023,8,5,0.0,0.0,0,0
3401,2023,9,1,0.0,0.0,0,0
3401,2023,10,7,0.0,0.0,0,0
3401,2023,11,3,0.0,0.0,0,0
3401,2023,12,1,0.0,0.0,0,0
3401,2024,6,1,0.0,0.0,0,0
3401,2024,8,10,0.0,0.0,0,0
3401,2024,9,4,0.0,0.0,0,0
3402,2023,7,3,0.0,0.0,0,0
3402,2023,8,21,0.0,0.0,0,0
3402,2023,9,3,0.0,0.0,0,0
3402,2023,12,1,0.0,0.0,0,0
3403,2023,8,6,0.0,0.0,0,0
3403,2023,9,14,0.0,0.0,0,0
3403,2023,10,12,0.0,0.0,0,0
3403,2023,11,5,0.0,0.0,0,0
3403,2026,7,1,0.0,0.0,0,0
3403,2026,8,1,0.0,0.0,0,0
3404,2023,7,9,0.0,0.0,0,0
3404,2023,8,6,0.0,0.0,0,0
3404,2023,10,2,0.0,0.0,0,0
3404,2024,2,1,0.0,0.0,0,0
3471,2023,8,4,0.0,0.0,0,0
3471,2023,9,4,0.0,0.0,0,0
3471,2023,10,4,0.0,0.0,0,0
3471,2023,11,1,0.0,0.0,0,0
3471,2023,12,1,0.0,0.0,0,0
3501,2024,9,1,0.0,0.0,0,0
3501,2024,10,1,0.0,0.0,0,0
3501,2026,7,1,0.0,0.0,0,0
3501,2026,9,1,0.0,0.0,0,0
3502,2024,7,2,0.0,0.0,0,0
3502,2024,8,11,0.0,0.0,0,0
3502,2024,9,8,0.0,0.0,0,0
3502,2025,9,2,0.0,0.0,0,0
3502,2026,7,5,0.0,0.0,0,0
3502,2026,8,6,0.0,0.0,0,0
3502,2026,9,5,0.0,0.0,0,0
3503,2024,7,1,0.0,0.0,0,0
3503,2024,8,5,0.0,0.0,0,0
3503,2024,9,9,0.0,0.0,0,0
3503,2024,10,1,0.0,0.0,0,0
3503,2026,7,5,0.0,0.0,0,0
3503,2026,8,4,0.0,0.0,0,0
3503,2026,9,5,0.0,0.0,0,0
3504,2024,8,1,0.0,0.0,0,0
3505,2024,7,1,0.0,0.0,0,0
3505,2024,8,3,0.0,0.0,0,0
3505,2024,9,1,0.0,0.0,0,0
3505,2026,7,1,0.0,0.0,0,0
3505,2026,8,2,0.0,0.0,0,0
3505,2026,9,3,0.0,0.0,0,0
3506,2023,7,1,0.0,0.0,0,0
3506,2024,8,1,0.0,0.0,0,0
3506,2026,8,1,0.0,0.0,0,0
3507,2023,8,1,0.0,0.0,0,0
3507,2023,11,1,0.0,0.0,0,0
3507,2024,7,1,0.0,0.0,0,0
3507,2024,8,3,0.0,0.0,0,0
3507,2024,9,1,0.0,0.0,0,0
3507,2024,10,1,0.0,0.0,0,0
3507,2026,8,2,0.0,0.0,0,0
3507,2026,9,2,0.0,0.0,0,0
3508,2023,11,1,0.0,0.0,0,0
3508,2024,9,1,0.0,0.0,0,0
3508,2025,9,1,0.0,0.0,0,0
3508,2026,7,1,0.0,0.0,0,0
3508,2026,8,2,0.0,0.0,0,0
3509,2023,10,1,0.0,0.0,0,0
3509,2024,7,1,0.0,0.0,0,0
3509,2024,9,2,0.0,0.0,0,0
3509,2026,8,1,0.0,0.0,0,0
3509,2026,9,1,0.0,0.0,0,0
3510,2024,2,1,0.0,0.0,0,0
3510,2024,7,1,0.0,0.0,0,0
3510,2024,8,4,0.0,0.0,0,0
3510,2024,10,2,0.0,0.0,0,0
3510,2024,11,1,0.0,0.0,0,0
3510,2026,4,1,0.0,0.0,0,0
3510,2026,9,1,0.0,0.0,0,0
3511,2021,8,1,0.0,0.0,0,0
3511,2022,9,1,0.0,0.0,0,0
3511,2023,6,1,0.0,0.0,1,0
3511,2023,10,1,0.0,0.0,0,0
3511,2024,8,8,0.0,0.0,0,0
3511,2024,9,5,0.0,0.0,0,0
3511,2024,10,3,0.0,0.0,0,0
3511,2026,8,3,0.0,0.0,0,0
3511,2026,9,2,0.0,0.0,0,0
3512,2021,8,2,0.0,0.0,0,0
3512,2022,7,1,0.0,0.0,0,0
3512,2022,8,13,0.0,0.0,0,0
3512,2022,9,6,0.0,0.0,0,0
3512,2023,6,5,0.0,0.0,0,0
3512,2023,10,1,0.0,0.0,0,0
3512,2024,7,4,0.0,0.0,0,0
3512,2024,8,5,0.0,0.0,0,0
3512,2024,9,1,0.0,0.0,0,0
3512,2024,10,4,0.0,0.0,0,0
3512,2025,7,1,0.0,0.0,0,0
3512,2025,8,3,0.0,0.0,0,0
3512,2025,9,1,0.0,0.0,0,0
3512,2025,10,2,0.0,0.0,0,0
3512,2026,6,1,0.0,0.0,0,0
3512,2026,7,3,0.0,0.0,0,0
3512,2026,8,1,0.0,0.0,0,0
3512,2026,9,1,0.0,0.0,0,0
3513,2023,9,2,0.0,0.0,0,0
3513,2024,8,4,0.0,0.0,0,0
3513,2024,9,6,0.0,0.0,0,0
3513,2024,10,1,0.0,0.0,0,0
3513,2025,8,1,0.0,0.0,0,0
3513,2026,7,2,0.0,0.0,0,0
3513,2026,8,1,0.0,0.0,0,0
3513,2026,9,2,0.0,0.0,0,0
3514,2023,5,1,0.0,0.0,0,0
3514,2023,6,1,0.0,0.0,0,0
3514,2024,6,2,0.0,0.0,0,0
3514,2024,8,1,0.0,0.0,0,0
3514,2024,9,3,0.0,0.0,0,0
3514,2024,10,6,0.0,0.0,0,0
3514,2025,7,1,0.0,0.0,0,0
3514,2026,8,3,0.0,0.0,0,0
3514,2026,9,2,0.0,0.0,0,0
3515,2021,8,2,0.0,0.0,0,0
3515,2021,9,1,0.0,0.0,0,0
3515,2021,10,1,0.0,0.0,0,0
3515,2022,7,1,0.0,0.0,0,0
3515,2024,9,1,0.0,0.0,0,0
3516,2022,8,1,0.0,0.0,0,0
3516,2022,9,2,0.0,0.0,0,0
3516,2023,5,1,0.0,0.0,0,0
3516,2023,8,1,0.0,0.0,0,0
3516,2023,9,1,0.0,0.0,0,0
3516,2023,10,1,0.0,0.0,0,0
3516,2023,11,1,0.0,0.0,0,0
3516,2024,5,1,0.0,0.0,0,0
3516,2024,7,1,0.0,0.0,0,0
3516,2024,8,4,0.0,0.0,0,0
3516,2024,9,3,0.0,0.0,0,0
3516,2025,7,1,0.0,0.0,0,0
3516,2025,9,2,0.0,0.0,0,0
3516,2025,10,1,0.0,0.0,0,0
3516,2026,7,1,0.0,0.0,0,0
3516,2026,8,2,0.0,0.0,0,0
3517,2022,7,2,0.0,0.0,0,0
3517,2022,8,2,0.0,0.0,0,0
3517,2023,10,1,0.0,0.0,0,0
3517,2024,8,1,0.0,0.0,0,0
3517,2024,9,3,0.0,0.0,0,0
3517,2024,10,3,0.0,0.0,0,0
3517,2025,7,1,0.0,0.0,0,0
3517,2025,9,1,0.0,0.0,0,0
3517,2026,6,1,0.0,0.0,0,0
3517,2026,7,1,0.0,0.0,0,0
3517,2026,8,2,0.0,0.0,0,0
3517,2026,9,4,0.0,0.0,0,1
3518,2024,8,1,0.0,0.0,0,0
3518,2026,8,1,0.0,0.0,0,0
3518,2026,9,1,0.0,0.0,0,0
3519,2021,8,1,0.0,0.0,0,0
3519,2024,8,2,0.0,0.0,0,0
3519,2026,8,1,0.0,0.0,0,0
3520,2023,10,1,0.0,0.0,0,0
3520,2024,8,1,0.0,0.0,0,0
3520,2024,9,3,0.0,0.0,0,0
3520,2024,10,1,0.0,0.0,0,0
3520,2026,8,5,0.0,0.0,0,0
3520,2026,9,7,0.0,0.0,0,0
3521,2023,9,1,0.0,0.0,0,0
3521,2024,8,1,0.0,0.0,0,0
3521,2026,9,1,0.0,0.0,0,0
3522,2023,7,1,0.0,0.0,0,0
3522,2024,8,2,0.0,0.0,0,0
3522,2026,1,1,0.0,0.0,0,0
3522,2026,7,1,0.0,0.0,0,0
3522,2026,9,1,0.0,0.0,0,0
3523,2026,9,1,0.0,0.0,0,0
3524,2026,9,1,0.0,0.0,0,0
3525,2026,7,1,0.0,0.0,0,0
3528,2024,9,1,1.0,0.0,0,0
3529,2024,10,1,0.0,0.0,0,0
3571,2022,8,1,0.0,0.0,0,0
3571,2024,8,1,0.0,0.0,0,0
3571,2024,10,1,0.0,0.0,0,0
3573,2026,9,1,0.0,0.0,0,0
3577,2024,8,1,0.0,0.0,0,0
3577,2026,9,1,0.0,0.0,0,0
3578,2024,7,1,0.0,0.0,0,0
3578,2024,9,1,0.0,0.0,0,0
3578,2026,7,1,0.0,0.0,0,0
3579,2023,11,1,0.0,0.0,0,0
3579,2024,10,1,0.0,0.0,0,0
3579,2026,9,2,0.0,0.0,0,0
3601,2024,8,1,0.0,0.0,0,0
3601,2024,9,1,0.0,0.0,0,0
3601,2026,8,1,0.0,0.0,0,0
3603,2026,6,1,0.0,0.0,0,0
3604,2021,5,2,0.0,0.0,0,0
3604,2021,7,1,0.0,0.0,0,0
3604,2022,4,1,0.0,0.0,0,0
3604,2023,5,2,0.0,0.0,0,0
3604,2023,8,1,0.0,0.0,0,0
3604,2023,9,2,0.0,0.0,0,0
3604,2023,10,1,0.0,0.0,0,0
3604,2023,12,1,0.0,0.0,0,0
3604,2024,8,1,0.0,0.0,0,0
3671,2023,10,1,0.0,0.0,0,0
3672,2023,7,1,0.0,0.0,0,0
3672,2023,8,1,0.0,0.0,0,0
3672,2024,10,1,0.0,0.0,0,0
3672,2025,9,1,0.0,0.0,0,0
3672,2026,8,1,0.0,0.0,0,0
3672,2026,9,1,0.0,0.0,0,0
5101,2023,11,1,0.0,0.0,0,0
5101,2025,5,1,0.0,0.0,31,2
5106,2021,10,1,0.0,0.0,0,0
5106,2023,9,1,0.0,0.0,0,0
5106,2023,10,1,0.0,0.0,0,0
5106,2024,8,1,0.0,0.0,0,0
5107,2023,8,1,0.0,0.0,0,0
5107,2023,9,1,0.0,0.0,0,0
5107,2023,10,1,0.0,0.0,0,0
5107,2024,8,3,0.0,0.0,0,0
5107,2024,9,2,0.0,0.0,0,0
5107,2024,10,4,0.0,0.0,0,0
5107,2026,9,1,0.0,0.0,0,0
5108,2023,8,6,0.0,0.0,0,0
5108,2023,9,2,0.0,0.0,0,0
5108,2024,9,1,0.0,0.0,0,0
5108,2026,7,1,0.0,0.0,0,0
5171,2023,10,1,0.0,0.0,0,0
5171,2026,8,1,0.0,0.0,0,0
5201,2026,9,1,0.0,0.0,0,0
5203,2023,11,2,0.0,0.0,0,0
5203,2026,6,1,0.0,0.0,0,0
5203,2026,8,2,0.0,0.0,0,0
5206,2024,6,2,0.0,0.0,0,0
5208,2024,11,1,0.0,0.0,0,0
5208,2025,9,1,0.0,0.0,0,0
5208,2026,9,1,0.0,0.0,0,0
5271,2026,9,1,0.0,0.0,0,0
5301,2023,8,1,0.0,0.0,0,0
5301,2023,9,3,0.0,0.0,0,0
5304,2023,8,2,0.0,0.0,0,0
5304,2023,9,1,0.0,0.0,0,0
5304,2023,10,2,0.0,0.0,0,0
5306,2022,9,1,0.0,0.0,0,0
5306,2023,8,1,0.0,0.0,0,0
5308,2023,10,1,0.0,0.0,0,0
5308,2026,9,1,0.0,0.0,0,0
5312,2024,7,1,0.0,0.0,5,0
5312,2024,10,1,0.0,0.0,10,0
5313,2021,7,1,0.0,0.0,0,0
5313,2024,7,4,0.0,0.0,0,0
5313,2024,8,1,0.0,0.0,0,0
5313,2024,9,2,0.0,0.0,0,0
5314,2024,8,1,0.0,0.0,0,0
5314,2024,9,1,0.0,0.0,0,0
5315,2024,7,1,0.0,0.0,0,0
5315,2024,10,1,0.0,0.0,0,0
5315,2026,6,1,0.0,0.0,0,0
5315,2026,7,1,0.0,0.0,0,0
5316,2026,7,1,0.0,0.0,0,0
5319,2023,10,1,0.0,0.0,0,0
5320,2023,7,1,0.0,0.0,0,0
5320,2026,6,1,0.0,0.0,0,0
5371,2023,8,1,0.0,0.0,0,0
5371,2024,7,1,0.0,0.0,0,0
6101,2021,7,1,0.0,0.0,0,0
6101,2023,1,1,0.0,0.0,0,0
6101,2023,6,2,0.0,0.0,0,0
6101,2023,7,2,0.0,0.0,0,0
6101,2023,8,1,0.0,0.0,0,0
6101,2024,4,1,0.0,0.0,0,0
6101,2024,10,1,0.0,0.0,0,0
6101,2025,6,1,1.0,0.0,0,0
6101,2025,7,1,1.0,0.0,0,0
6101,2026,1,1,0.0,0.0,0,0
6101,2026,8,1,0.0,0.0,0,0
6102,2021,2,1,0.0,2.0,0,0
6102,2022,8,1,0.0,0.0,0,0
6102,2023,1,1,0.0,0.0,0,0
6102,2023,2,1,0.0,0.0,0,0
6102,2023,6,1,0.0,0.0,0,0
6102,2023,8,1,0.0,0.0,0,0
6102,2023,9,1,0.0,0.0,0,0
6103,2023,1,1,0.0,0.0,0,0
6103,2023,7,1,0.0,0.0,0,0
6103,2023,8,1,0.0,0.0,0,0
6103,2026,1,1,0.0,0.0,0,0
6104,2021,2,1,0.0,0.0,0,0
6104,2021,3,1,0.0,0.0,0,0
6104,2021,4,2,0.0,0.0,0,0
6104,2022,1,1,0.0,0.0,0,0
6104,2022,3,2,0.0,0.0,0,0
6104,2022,4,1,0.0,0.0,0,0
6104,2022,7,3,0.0,0.0,0,0
6104,2022,8,1,0.0,0.0,0,0
6104,2023,1,2,0.0,0.0,0,0
6104,2023,2,2,0.0,0.0,0,0
6104,2023,5,7,0.0,0.0,0,0
6104,2023,6,4,0.0,0.0,0,0
6104,2023,7,3,0.0,0.0,0,0
6104,2023,8,3,1.0,0.0,0,0
6104,2023,9,2,0.0,0.0,0,0
6104,2023,10,1,0.0,0.0,0,0
6104,2024,9,1,0.0,0.0,0,0
6104,2025,5,1,0.0,0.0,0,0
6104,2025,7,4,0.0,0.0,0,0
6104,2026,1,2,0.0,0.0,0,0
6105,2022,8,1,0.0,0.0,0,0
6105,2023,1,1,0.0,0.0,0,0
6105,2026,1,1,0.0,0.0,0,0
6106,2021,8,1,0.0,0.0,0,0
6106,2023,1,1,0.0,0.0,0,0
6106,2023,8,1,1.0,0.0,0,0
6107,2022,8,1,0.0,0.0,0,0
6107,2023,1,1,0.0,0.0,0,0
6107,2023,2,1,0.0,0.0,0,0
6107,2023,6,1,0.0,0.0,0,0
6107,2023,7,4,0.0,0.0,0,0
6107,2023,8,2,0.0,0.0,0,0
6107,2023,9,2,0.0,0.0,0,0
6108,2021,7,1,0.0,0.0,0,0
6108,2023,1,1,0.0,0.0,0,0
6108,2023,7,1,0.0,0.0,0,0
6108,2023,8,1,0.0,0.0,0,0
6108,2026,9,1,0.0,0.0,0,0
6109,2022,8,1,0.0,0.0,0,0
6109,2023,1,1,0.0,0.0,0,0
6110,2022,2,1,0.0,0.0,0,0
6110,2023,1,1,0.0,0.0,0,0
6110,2023,4,1,0.0,0.0,0,0
6110,2023,9,3,0.0,0.0,0,0
6110,2023,10,1,0.0,0.0,0,0
6110,2023,12,1,0.0,0.0,0,0
6110,2024,7,1,0.0,0.0,0,0
6110,2024,9,2,0.0,0.0,0,0
6111,2023,1,1,0.0,0.0,0,0
6111,2023,8,2,0.0,0.0,0,0
6111,2024,8,1,0.0,0.0,0,0
6111,2026,1,1,0.0,0.0,0,0
6112,2021,2,2,0.0,0.0,0,0
6112,2022,3,1,0.0,0.0,0,0
6112,2023,1,4,0.0,0.0,0,0
6112,2023,2,1,0.0,0.0,0,0
6112,2023,5,1,0.0,0.0,0,0
6112,2023,6,1,0.0,0.0,0,0
6112,2023,7,2,0.0,0.0,0,0
6112,2023,8,4,0.0,0.0,0,0
6112,2023,9,2,0.0,0.0,0,0
6112,2024,7,3,0.0,0.0,0,0
6112,2026,1,1,0.0,0.0,0,0
6171,2023,1,1,0.0,0.0,0,0
6171,2026,1,1,0.0,0.0,0,0
6172,2023,1,1,0.0,0.0,0,0
6172,2023,6,1,0.0,0.0,0,0
6172,2023,7,1,0.0,0.0,0,0
6172,2026,2,1,0.0,0.0,0,0
6201,2021,1,1,0.0,0.0,0,0
6201,2021,2,6,0.0,0.0,0,0
6201,2021,3,3,0.0,0.0,0,0
6201,2021,4,1,0.0,0.0,0,0
6201,2021,5,1,0.0,0.0,0,0
6201,2021,7,1,0.0,0.0,0,0
6201,2021,8,5,0.0,0.0,0,0
6201,2021,11,1,0.0,0.0,0,0
6201,2022,1,2,0.0,0.0,0,0
6201,2022,2,1,0.0,0.0,0,0
6201,2022,3,2,0.0,0.0,0,0
6201,2022,4,1,0.0,0.0,0,0
6201,2022,9,1,0.0,0.0,0,0
6201,2022,12,1,0.0,0.0,0,0
6201,2023,1,2,0.0,0.0,0,0
6201,2023,5,1,0.0,0.0,0,0
6201,2023,6,9,0.0,0.0,0,0
6201,2023,7,4,0.0,0.0,0,0
6201,2023,8,2,0.0,0.0,0,0
6201,2023,9,2,0.0,0.0,0,0
6201,2024,2,1,0.0,0.0,0,0
6201,2025,7,1,0.0,0.0,0,0
6201,2025,8,2,0.0,0.0,0,0
6201,2026,1,1,0.0,0.0,0,0
6201,2026,3,1,0.0,0.0,0,0
6201,2026,7,7,0.0,0.0,0,0
6201,2026,8,2,0.0,0.0,0,0
6202,2022,1,1,0.0,0.0,0,0
6202,2023,1,1,0.0,0.0,0,0
6202,2023,6,5,0.0,0.0,0,0
6202,2023,7,2,0.0,0.0,0,0
6202,2023,8,3,0.0,0.0,0,0
6202,2023,9,2,0.0,0.0,0,0
6202,2024,2,1,0.0,0.0,0,0
6202,2025,2,1,0.0,0.0,0,0
6202,2025,7,4,0.0,0.0,0,0
6202,2025,8,2,0.0,0.0,0,0
6202,2025,10,1,0.0,0.0,0,0
6202,2026,1,1,0.0,0.0,0,0
6202,2026,3,1,0.0,0.0,0,0
6202,2026,7,3,0.0,0.0,0,0
6202,2026,8,1,0.0,0.0,0,0
6203,2022,1,1,0.0,0.0,0,0
6203,2023,1,1,0.0,0.0,0,0
6203,2023,6,1,0.0,0.0,0,0
6203,2023,7,4,0.0,0.0,0,0
6203,2023,8,8,0.0,0.0,0,0
6203,2023,9,3,0.0,0.0,0,0
6203,2025,7,3,0.0,0.0,0,0
6203,2025,8,1,0.0,0.0,0,0
6203,2025,9,1,0.0,0.0,0,0
6203,2026,1,1,0.0,0.0,0,0
6203,2026,7,2,0.0,0.0,0,0
6204,2022,1,1,0.0,0.0,0,0
6204,2022,8,1,0.0,0.0,0,0
6204,2022,9,1,0.0,0.0,0,0
6204,2023,1,2,0.0,0.0,0,0
6204,2023,6,5,0.0,0.0,0,0
6204,2023,7,7,0.0,0.0,0,0
6204,2023,8,4,0.0,0.0,0,0
6204,2023,9,1,0.0,0.0,0,0
6204,2024,2,1,0.0,0.0,0,0
6204,2025,1,1,0.0,0.0,0,0
6204,2025,2,7,0.0,0.0,0,0
6204,2025,3,1,0.0,0.0,0,0
6204,2025,6,1,0.0,0.0,0,0
6204,2025,7,2,0.0,0.0,0,0
6204,2025,8,1,0.0,0.0,0,0
6204,2025,10,2,0.0,0.0,0,0
6204,2026,1,1,0.0,0.0,0,0
6204,2026,7,2,0.0,0.0,0,0
6204,2026,8,1,0.0,0.0,0,0
6205,2021,7,1,0.0,0.0,0,0
6205,2021,10,1,0.0,0.0,0,0
6205,2022,1,2,0.0,0.0,0,0
6205,2022,7,1,0.0,0.0,0,0
6205,2023,1,1,0.0,0.0,0,0
6205,2023,9,1,0.0,0.0,0,0
6205,2024,2,1,0.0,0.0,0,0
6205,2024,6,1,0.0,0.0,0,0
6205,2025,5,2,0.0,0.0,0,0
6205,2025,6,1,0.0,0.0,0,0
6205,2025,8,3,0.0,0.0,0,0
6205,2025,9,2,0.0,0.0,0,0
6205,2025,10,2,0.0,0.0,0,0
6205,2026,1,1,0.0,0.0,0,0
6205,2026,6,1,0.0,0.0,0,0
6205,2026,7,2,0.0,0.0,0,0
6206,2021,10,1,0.0,0.0,0,0
6206,2022,1,1,0.0,0.0,0,4
6206,2022,3,1,0.0,0.0,0,0
6206,2023,1,2,0.0,0.0,0,0
6206,2023,6,2,0.0,0.0,0,0
6206,2023,7,2,0.0,0.0,0,0
6206,2023,8,1,0.0,0.0,0,0
6206,2023,9,6,0.0,0.0,0,0
6206,2024,7,1,0.0,0.0,0,0
6206,2025,7,2,0.0,0.0,0,0
6206,2025,8,2,0.0,0.0,0,0
6206,2025,9,1,0.0,0.0,0,0
6206,2026,7,3,0.0,0.0,0,0
6207,2021,8,1,0.0,0.0,0,0
6207,2022,1,1,0.0,0.0,0,0
6207,2023,1,1,0.0,0.0,0,0
6207,2023,8,8,0.0,0.0,0,0
6207,2023,9,10,0.0,0.0,0,0
6207,2023,10,2,0.0,0.0,0,0
6207,2024,7,1,0.0,0.0,0,0
6207,2025,7,1,0.0,0.0,0,0
6207,2026,7,2,0.0,0.0,0,0
6207,2026,8,1,0.0,0.0,0,0
6208,2021,2,1,0.0,0.0,0,0
6208,2021,4,1,0.0,0.0,0,0
6208,2021,8,3,0.0,0.0,0,0
6208,2021,10,3,0.0,0.0,0,0
6208,2022,1,1,0.0,0.0,0,0
6208,2022,2,1,0.0,0.0,0,0
6208,2022,5,1,0.0,0.0,0,0
6208,2022,6,1,0.0,0.0,0,0
6208,2022,7,2,0.0,0.0,0,0
6208,2022,8,1,0.0,0.0,0,0
6208,2022,9,1,0.0,0.0,0,0
6208,2022,12,1,0.0,0.0,0,0
6208,2023,1,4,0.0,0.0,0,0
6208,2023,2,3,0.0,0.0,0,0
6208,2023,5,1,0.0,0.0,0,0
6208,2023,6,5,0.0,0.0,0,0
6208,2023,7,1,0.0,0.0,0,0
6208,2023,8,5,0.0,0.0,0,0
6208,2023,9,2,0.0,0.0,0,0
6208,2024,2,1,0.0,0.0,0,0
6208,2024,7,2,0.0,0.0,0,0
6208,2025,6,1,0.0,0.0,0,0
6208,2025,7,8,0.0,0.0,0,0
6208,2026,1,1,0.0,0.0,0,0
6208,2026,7,5,0.0,0.0,0,0
6208,2026,8,1,0.0,0.0,0,0
6209,2022,1,1,0.0,0.0,0,0
6209,2023,1,1,0.0,0.0,0,0
6209,2024,2,1,0.0,0.0,0,0
6209,2025,7,1,0.0,0.0,0,0
6209,2025,10,1,0.0,0.0,0,0
6209,2026,7,2,0.0,0.0,0,0
6210,2023,1,1,0.0,0.0,0,0
6210,2023,10,1,0.0,0.0,0,0
6210,2024,2,1,0.0,0.0,0,0
6210,2024,9,1,0.0,0.0,0,0
6210,2025,6,2,0.0,0.0,0,0
6210,2025,7,2,0.0,0.0,0,0
6210,2025,8,1,0.0,0.0,0,0
6210,2025,9,1,0.0,0.0,0,0
6210,2026,1,1,0.0,0.0,0,0
6211,2022,1,1,0.0,0.0,0,0
6211,2022,8,1,0.0,0.0,0,0
6211,2023,1,1,0.0,0.0,0,0
6211,2023,6,3,0.0,0.0,0,0
6211,2023,7,1,0.0,0.0,0,0
6211,2023,8,3,0.0,0.0,0,0
6211,2023,9,6,0.0,0.0,0,0
6211,2024,7,1,0.0,0.0,0,0
6211,2025,7,3,0.0,0.0,0,0
6211,2025,8,2,0.0,0.0,0,0
6211,2025,9,1,0.0,0.0,0,0
6211,2026,1,1,0.0,0.0,0,0
6211,2026,7,2,0.0,0.0,0,0
6211,2026,8,1,0.0,0.0,0,0
6212,2021,7,1,0.0,0.0,0,0
6212,2021,10,1,0.0,0.0,0,0
6212,2022,1,1,0.0,0.0,0,0
6212,2022,9,1,0.0,0.0,0,0
6212,2023,1,1,0.0,0.0,0,0
6212,2024,2,1,0.0,0.0,0,0
6212,2025,8,1,0.0,0.0,0,0
6212,2025,10,1,0.0,0.0,0,0
6212,2026,1,1,0.0,0.0,0,0
6213,2021,7,1,0.0,0.0,0,0
6213,2023,7,1,0.0,0.0,0,0
6213,2026,8,1,0.0,0.0,0,0
6271,2021,3,1,0.0,0.0,0,0
6271,2021,4,1,0.0,0.0,0,0
6271,2021,7,2,0.0,0.0,0,0
6271,2021,8,1,0.0,0.0,0,0
6271,2022,1,1,0.0,0.0,0,0
6271,2022,3,1,0.0,0.0,0,0
6271,2022,7,2,0.0,0.0,0,0
6271,2023,1,1,0.0,0.0,0,0
6271,2023,5,5,0.0,0.0,0,0
6271,2023,6,3,0.0,0.0,0,0
6271,2023,7,2,0.0,0.0,0,0
6271,2023,8,2,0.0,0.0,0,0
6271,2023,9,3,0.0,0.0,0,0
6271,2024,6,1,0.0,0.0,0,0
6271,2024,9,1,0.0,0.0,0,0
6271,2025,5,1,0.0,0.0,0,0
6271,2025,7,9,0.0,0.0,0,0
6271,2025,9,4,0.0,0.0,0,0
6271,2026,1,2,0.0,0.0,0,0
6271,2026,7,7,0.0,0.0,0,0
6271,2026,8,1,0.0,0.0,0,0
6301,2021,5,2,0.0,0.0,0,0
6301,2021,6,3,0.0,0.0,0,0
6301,2021,7,5,0.0,0.0,0,0
6301,2021,8,5,0.0,0.0,0,0
6301,2021,9,3,0.0,0.0,0,0
6301,2021,10,6,0.0,0.0,0,0
6301,2021,11,2,0.0,0.0,0,0
6301,2021,12,1,0.0,0.0,0,0
6301,2022,8,1,0.0,0.0,0,0
6301,2023,1,1,0.0,0.0,0,0
6301,2023,5,3,0.0,0.0,0,0
6301,2023,6,2,0.0,0.0,0,0
6301,2023,7,17,0.0,0.0,0,0
6301,2023,8,29,0.0,0.0,0,0
6301,2023,9,20,0.0,0.0,0,0
6301,2023,10,1,0.0,0.0,0,0
6301,2024,7,1,0.0,0.0,0,0
6301,2026,6,1,0.0,0.0,0,0
6301,2026,7,1,0.0,0.0,0,0
6302,2023,1,1,0.0,0.0,0,0
6302,2023,7,1,0.0,0.0,0,0
6302,2023,8,2,0.0,0.0,0,0
6302,2023,9,12,0.0,0.0,0,0
6302,2023,11,1,0.0,0.0,0,0
6302,2026,4,1,0.0,0.0,0,0
6302,2026,7,1,0.0,0.0,0,0
6303,2021,8,5,0.0,0.0,0,0
6303,2021,9,5,0.0,0.0,0,0
6303,2021,10,6,0.0,0.0,0,0
6303,2021,11,2,0.0,0.0,0,0
6303,2022,8,1,0.0,0.0,0,0
6303,2022,9,2,0.0,0.0,0,0
6303,2022,10,1,0.0,0.0,0,0
6303,2023,1,1,0.0,0.0,0,0
6303,2023,5,1,0.0,0.0,0,0
6303,2023,7,14,0.0,0.0,0,0
6303,2023,8,19,0.0,0.0,0,0
6303,2023,9,25,0.0,0.0,0,0
6303,2023,10,11,0.0,0.0,0,0
6303,2023,11,2,0.0,0.0,0,0
6303,2024,7,1,0.0,0.0,0,0
6303,2024,9,2,0.0,0.0,0,0
6303,2026,6,1,0.0,0.0,0,0
6303,2026,7,1,0.0,0.0,0,0
6303,2026,9,1,0.0,0.0,0,0
6304,2021,7,1,0.0,0.0,0,0
6304,2021,9,2,0.0,0.0,0,0
6304,2021,10,2,0.0,0.0,0,0
6304,2021,11,2,0.0,0.0,0,0
6304,2022,8,3,0.0,0.0,0,0
6304,2022,9,2,0.0,0.0,0,0
6304,2023,1,1,0.0,0.0,0,0
6304,2023,7,9,0.0,0.0,0,0
6304,2023,8,11,0.0,0.0,0,0
6304,2023,9,15,0.0,0.0,0,0
6304,2023,10,1,0.0,0.0,0,0
6304,2023,11,1,0.0,0.0,0,0
6304,2024,10,1,0.0,0.0,0,0
6304,2025,5,1,0.0,0.0,0,0
6304,2025,6,2,0.0,0.0,0,0
6304,2026,3,1,0.0,0.0,0,0
6304,2026,4,1,0.0,0.0,0,0
6304,2026,5,1,0.0,0.0,0,0
6304,2026,7,1,0.0,0.0,0,0
6305,2021,6,1,0.0,0.0,0,0
6305,2021,7,3,0.0,0.0,0,0
6305,2021,8,5,0.0,0.0,0,0
6305,2021,9,5,0.0,0.0,0,0
6305,2021,10,7,0.0,0.0,0,0
6305,2021,11,4,0.0,0.0,0,0
6305,2022,8,1,0.0,0.0,0,0
6305,2022,10,1,0.0,0.0,0,0
6305,2023,1,1,0.0,0.0,0,0
6305,2023,7,5,0.0,0.0,0,0
6305,2023,8,16,0.0,0.0,0,0
6305,2023,9,20,0.0,0.0,0,0
6305,2023,10,1,0.0,0.0,0,0
6305,2026,7,1,0.0,0.0,0,0
6306,2021,8,1,0.0,0.0,0,0
6306,2021,9,15,0.0,0.0,0,0
6306,2021,10,14,0.0,0.0,0,0
6306,2021,11,6,0.0,0.0,0,0
6306,2022,8,2,0.0,0.0,0,0
6306,2022,9,6,0.0,0.0,0,0
6306,2022,10,1,0.0,0.0,0,0
6306,2023,1,1,0.0,0.0,0,0
6306,2023,7,3,0.0,0.0,0,0
6306,2023,8,17,0.0,0.0,0,0
6306,2023,9,13,0.0,0.0,0,0
6306,2023,10,2,0.0,0.0,0,0
6306,2025,7,1,0.0,0.0,0,0
6306,2026,7,2,0.0,0.0,0,0
6307,2021,7,3,0.0,0.0,0,0
6307,2021,8,2,0.0,0.0,0,0
6307,2022,8,1,0.0,0.0,0,0
6307,2023,1,1,0.0,0.0,0,0
6307,2023,7,4,0.0,0.0,0,0
6307,2023,8,7,0.0,0.0,0,0
6307,2023,9,3,0.0,0.0,0,0
6307,2023,10,2,0.0,0.0,0,0
6307,2025,7,1,0.0,0.0,0,0
6308,2021,8,1,0.0,0.0,0,0
6308,2022,8,2,0.0,0.0,0,0
6308,2023,1,1,0.0,0.0,0,0
6308,2023,7,2,0.0,0.0,0,0
6308,2023,8,2,0.0,0.0,0,0
6308,2023,9,1,0.0,0.0,0,0
6309,2021,7,1,0.0,0.0,0,0
6309,2022,8,2,0.0,0.0,0,0
6309,2023,1,1,0.0,0.0,0,0
6309,2023,7,1,0.0,0.0,0,0
6309,2023,8,2,0.0,0.0,0,0
6309,2023,9,2,0.0,0.0,0,0
6309,2023,10,1,0.0,0.0,0,0
6310,2021,2,1,0.0,0.0,0,0
6310,2021,3,1,0.0,0.0,0,0
6310,2021,10,1,0.0,0.0,0,0
6310,2021,11,1,0.0,0.0,0,0
6310,2023,1,1,0.0,0.0,0,0
6310,2023,8,1,0.0,0.0,0,0
6310,2023,9,21,0.0,0.0,0,0
6310,2023,10,1,0.0,0.0,0,0
6310,2025,9,1,0.0,0.0,0,0
6310,2026,4,1,0.0,0.0,0,0
6310,2026,7,1,0.0,0.0,0,0
6311,2021,6,1,0.0,0.0,0,0
6311,2021,7,3,0.0,0.0,0,0
6311,2021,8,3,0.0,0.0,0,0
6311,2021,9,3,0.0,0.0,0,0
6311,2021,10,1,0.0,0.0,0,0
6311,2022,8,3,0.0,0.0,0,0
6311,2022,10,1,0.0,0.0,0,0
6311,2023,1,1,0.0,0.0,0,0
6311,2023,7,5,0.0,0.0,0,0
6311,2023,8,12,0.0,0.0,0,0
6311,2023,9,10,0.0,0.0,0,0
6311,2023,10,5,0.0,0.0,0,0
6371,2023,1,1,0.0,0.0,0,0
6371,2023,8,2,0.0,0.0,0,0
6372,2021,3,2,0.0,0.0,0,0
6372,2021,4,4,0.0,0.0,0,0
6372,2021,6,3,0.0,0.0,0,0
6372,2021,7,4,0.0,0.0,0,0
6372,2021,8,6,0.0,0.0,0,0
6372,2021,9,3,0.0,0.0,0,0
6372,2021,10,8,0.0,0.0,0,0
6372,2022,4,3,0.0,0.0,0,0
6372,2023,1,1,0.0,0.0,0,0
6372,2023,5,2,0.0,0.0,0,0
6372,2023,6,1,0.0,0.0,0,0
6372,2023,7,19,0.0,0.0,0,0
6372,2023,8,28,0.0,0.0,0,0
6372,2023,9,25,0.0,0.0,0,0
6372,2023,10,2,0.0,0.0,0,0
6372,2023,11,1,0.0,0.0,0,0
6372,2024,7,1,0.0,0.0,0,0
6372,2025,5,2,0.0,0.0,0,0
6372,2025,7,1,0.0,0.0,0,0
6372,2026,3,1,0.0,0.0,0,0
6372,2026,4,1,0.0,0.0,0,0
6372,2026,7,4,0.0,0.0,0,0
6401,2021,3,1,0.0,0.0,0,0
6401,2023,7,1,0.0,0.0,0,0
6401,2023,8,17,0.0,0.0,0,0
6401,2023,9,17,0.0,0.0,0,0
6401,2024,8,2,0.0,0.0,0,0
6401,2024,10,1,0.0,0.0,0,0
6401,2026,4,1,0.0,0.0,0,0
6401,2026,8,7,0.0,0.0,0,0
6401,2026,9,2,0.0,0.0,0,0
6402,2023,6,2,0.0,0.0,0,0
6402,2023,8,11,0.0,0.0,0,0
6402,2023,9,15,0.0,0.0,0,0
6402,2024,1,1,0.0,0.0,0,0
6402,2024,2,3,0.0,0.0,0,0
6402,2024,3,8,0.0,0.0,0,0
6402,2024,4,8,0.0,0.0,0,0
6402,2024,5,1,0.0,0.0,0,0
6402,2024,7,1,0.0,0.0,0,0
6402,2024,8,1,0.0,0.0,0,0
6402,2024,9,8,0.0,0.0,0,0
6402,2024,10,6,0.0,0.0,0,0
6402,2025,7,1,0.0,0.0,0,0
6402,2026,3,1,0.0,0.0,0,0
6402,2026,7,3,0.0,0.0,0,0
6402,2026,8,4,0.0,0.0,0,0
6402,2026,9,3,0.0,0.0,0,0
6403,2021,4,2,0.0,0.0,0,0
6403,2021,7,5,0.0,0.0,0,0
6403,2021,8,5,0.0,0.0,0,0
6403,2021,9,4,0.0,0.0,0,0
6403,2021,10,2,0.0,0.0,0,0
6403,2021,11,1,0.0,0.0,0,0
6403,2022,9,1,0.0,0.0,0,0
6403,2023,8,27,0.0,0.0,0,0
6403,2024,9,1,0.0,0.0,0,0
6403,2025,7,1,0.0,0.0,0,0
6403,2026,5,1,0.0,0.0,0,0
6403,2026,6,1,0.0,0.0,0,0
6403,2026,7,1,0.0,0.0,0,0
6403,2026,8,5,0.0,0.0,0,0
6403,2026,9,1,0.0,0.0,0,0
6407,2022,9,1,0.0,0.0,0,0
6407,2023,1,1,0.0,0.0,0,0
6407,2023,8,16,0.0,0.0,0,0
6407,2023,9,10,0.0,0.0,0,0
6407,2024,2,3,0.0,0.0,0,0
6407,2024,3,3,0.0,0.0,0,0
6407,2024,4,2,0.0,0.0,0,0
6407,2024,7,1,0.0,0.0,0,0
6407,2024,8,1,0.0,0.0,0,0
6407,2024,9,3,0.0,0.0,0,0
6407,2024,10,3,0.0,0.0,0,0
6407,2026,4,2,0.0,0.0,0,0
6407,2026,6,1,0.0,0.0,0,0
6407,2026,7,2,0.0,1.0,0,0
6407,2026,8,4,0.0,0.0,0,0
6407,2026,9,1,0.0,0.0,0,0
6408,2021,7,1,0.0,0.0,0,0
6408,2023,4,1,0.0,0.0,0,0
6408,2023,5,1,0.0,0.0,0,0
6408,2023,7,2,0.0,0.0,0,0
6408,2023,8,2,0.0,0.0,0,0
6408,2023,9,5,0.0,0.0,0,0
6408,2024,1,1,0.0,0.0,0,0
6408,2024,2,1,0.0,0.0,0,0
6408,2024,3,2,0.0,0.0,0,0
6408,2024,4,10,0.0,0.0,0,0
6408,2024,10,1,0.0,0.0,0,0
6408,2025,8,1,0.0,0.0,0,0
6408,2026,8,1,0.0,0.0,0,0
6409,2021,6,1,0.0,0.0,0,0
6409,2021,8,1,0.0,0.0,0,0
6409,2022,5,1,0.0,0.0,0,0
6409,2023,7,1,0.0,0.0,0,0
6409,2023,8,10,0.0,0.0,0,0
6409,2023,9,15,0.0,0.0,0,0
6409,2024,3,1,0.0,0.0,0,0
6409,2024,4,1,0.0,0.0,0,0
6409,2024,9,2,0.0,0.0,0,0
6409,2025,7,1,0.0,0.0,0,0
6409,2026,7,2,0.0,0.0,0,0
6409,2026,8,6,0.0,0.0,0,0
6409,2026,9,3,0.0,0.0,0,0
6411,2026,9,1,0.0,0.0,0,0
6471,2021,2,1,0.0,0.0,0,0
6471,2021,7,1,0.0,0.0,0,0
6471,2021,8,1,0.0,0.0,0,0
6471,2023,8,4,0.0,0.0,0,0
6471,2023,9,1,0.0,0.0,0,0
6471,2024,2,1,0.0,0.0,0,0
6471,2024,4,1,0.0,0.0,0,0
6471,2024,10,2,0.0,0.0,0,0
6471,2024,11,1,0.0,0.0,0,0
6471,2025,2,1,0.0,0.0,0,0
6471,2026,9,1,0.0,0.0,0,0
6472,2023,8,8,0.0,0.0,0,0
6472,2023,9,11,0.0,0.0,0,0
6472,2024,2,5,0.0,0.0,0,0
6472,2024,3,9,0.0,0.0,1,0
6472,2024,4,8,0.0,0.0,0,0
6472,2024,9,6,0.0,0.0,0,0
6472,2026,7,1,0.0,0.0,0,0
6472,2026,8,2,0.0,0.0,1,0
6472,2026,9,1,0.0,0.0,0,0
6474,2021,6,1,0.0,0.0,0,0
6474,2021,7,1,0.0,0.0,0,0
6474,2021,8,1,0.0,0.0,0,0
6474,2022,1,1,0.0,0.0,0,0
6474,2023,5,1,0.0,0.0,0,0
6474,2023,8,3,0.0,0.0,0,0
6474,2023,9,4,0.0,0.0,0,0
6474,2024,1,1,0.0,0.0,0,0
6474,2024,2,4,0.0,0.0,0,0
6474,2024,3,2,0.0,0.0,0,0
6474,2024,4,6,0.0,0.0,0,0
6474,2026,6,1,0.0,0.0,0,0
6474,2026,7,1,0.0,0.0,0,0
6474,2026,8,1,0.0,0.0,0,0
6501,2021,3,1,0.0,0.0,0,0
6501,2021,7,4,0.0,0.0,0,0
6501,2021,8,3,0.0,0.0,0,0
6501,2021,10,1,0.0,0.0,1,0
6501,2022,8,1,0.0,0.0,0,0
6501,2022,9,1,0.0,0.0,0,0
6501,2023,5,1,0.0,0.0,0,0
6501,2023,6,2,0.0,0.0,0,0
6501,2023,7,2,0.0,0.0,0,0
6501,2023,8,6,0.0,0.0,0,0
6501,2023,9,2,0.0,0.0,0,0
6501,2024,9,2,0.0,0.0,0,0
6501,2024,10,1,0.0,0.0,0,0
6501,2025,7,2,0.0,0.0,0,0
6501,2025,8,3,0.0,0.0,0,0
6501,2026,1,1,0.0,0.0,0,0
6501,2026,8,5,0.0,0.0,0,0
6501,2026,9,3,0.0,0.0,0,0
6503,2021,3,1,0.0,0.0,0,0
6503,2023,1,2,0.0,0.0,0,0
6503,2023,2,2,0.0,0.0,0,0
6503,2023,3,9,0.0,0.0,0,0
6503,2023,4,4,0.0,0.0,0,0
6503,2023,5,2,0.0,0.0,0,0
6503,2025,7,1,0.0,0.0,0,0
6503,2026,3,1,0.0,0.0,0,0
6503,2026,4,1,0.0,0.0,0,0
6503,2026,5,4,0.0,0.0,0,0
6571,2022,8,1,0.0,0.0,0,0
6571,2023,2,1,0.0,0.0,0,0
6571,2023,3,3,0.0,0.0,0,0
6571,2023,6,1,0.0,0.0,0,0
6571,2023,7,1,0.0,0.0,0,0
6571,2023,8,2,0.0,0.0,0,0
6571,2025,2,2,0.0,0.0,0,0
6571,2025,3,2,0.0,0.0,0,0
6571,2025,7,2,0.0,0.0,0,0
6571,2026,3,2,0.0,0.0,0,0
6571,2026,8,2,0.0,0.0,0,0
7101,2023,9,1,0.0,0.0,0,0
7101,2025,7,1,0.0,0.0,0,0
7101,2026,7,1,0.0,0.0,0,0
7101,2026,8,2,0.0,0.0,0,0
7102,2023,11,1,0.0,0.0,0,0
7102,2026,7,2,0.0,0.0,0,0
7102,2026,8,4,0.0,0.0,0,0
7102,2026,9,5,0.0,0.0,0,0
7103,2026,9,1,0.0,0.0,0,0
7104,2026,9,2,0.0,0.0,0,0
7106,2026,9,1,0.0,0.0,0,0
7107,2023,9,1,0.0,0.0,0,0
7107,2026,8,1,0.0,0.0,0,0
7108,2021,10,1,0.0,0.0,0,0
7171,2026,9,1,0.0,0.0,0,0
7172,2026,8,1,0.0,0.0,0,0
7172,2026,9,1,0.0,0.0,0,0
7173,2023,8,1,1.0,0.0,0,0
7201,2023,5,1,0.0,0.0,0,0
7201,2023,8,1,0.0,0.0,0,0
7201,2023,9,2,0.0,0.0,0,0
7201,2026,8,1,0.0,0.0,0,0
7202,2023,8,2,0.0,0.0,0,0
7202,2023,9,2,0.0,0.0,0,0
7202,2025,10,1,0.0,0.0,0,0
7202,2026,9,3,0.0,2.0,0,2
7204,2026,8,1,0.0,0.0,0,0
7204,2026,9,2,0.0,0.0,0,0
7205,2026,9,1,0.0,0.0,0,0
7207,2024,2,1,0.0,0.0,0,0
7207,2026,8,1,0.0,0.0,0,0
7207,2026,9,2,0.0,0.0,0,0
7208,2026,1,4,0.0,0.0,0,0
7208,2026,2,7,0.0,0.0,0,0
7208,2026,9,6,0.0,0.0,0,0
7209,2023,10,1,0.0,0.0,0,0
7209,2026,7,1,0.0,0.0,0,0
7209,2026,8,6,0.0,0.0,0,0
7209,2026,9,10,0.0,0.0,0,0
7210,2026,9,1,0.0,0.0,0,0
7212,2023,10,1,0.0,0.0,0,0
7212,2024,1,1,0.0,0.0,0,0
7301,2023,9,1,0.0,0.0,0,0
7301,2023,10,1,0.0,0.0,0,0
7302,2023,9,1,0.0,0.0,0,0
7303,2023,2,1,0.0,0.0,0,0
7303,2023,9,1,0.0,0.0,0,0
7304,2023,9,2,0.0,0.0,0,0
7305,2026,8,1,0.0,0.0,0,0
7306,2023,10,1,0.0,0.0,0,0
7306,2026,9,2,0.0,0.0,0,0
7307,2023,10,2,0.0,0.0,0,0
7307,2023,11,2,0.0,0.0,0,0
7308,2023,10,2,0.0,0.0,0,0
7308,2023,11,1,0.0,0.0,0,0
7311,2026,8,1,0.0,0.0,0,0
7314,2026,8,2,0.0,0.0,0,0
7314,2026,9,5,0.0,0.0,0,0
7315,2023,9,3,0.0,0.0,0,0
7315,2024,8,1,0.0,0.0,0,0
7315,2024,9,2,0.0,0.0,0,0
7315,2025,10,1,0.0,0.0,0,0
7315,2026,7,3,0.0,0.0,0,0
7315,2026,8,4,0.0,0.0,0,0
7315,2026,9,4,1.0,0.0,0,0
7316,2023,9,6,0.0,0.0,0,0
7316,2023,10,2,0.0,0.0,0,0
7316,2026,7,1,0.0,0.0,0,0
7316,2026,8,4,0.0,0.0,0,0
7316,2026,9,2,0.0,0.0,0,0
7317,2026,8,5,0.0,0.0,0,0
7317,2026,9,5,0.0,0.0,0,0
7318,2023,10,1,0.0,0.0,0,0
7318,2026,7,1,0.0,0.0,0,0
7318,2026,8,2,0.0,0.0,0,0
7318,2026,9,1,0.0,0.0,0,0
7322,2026,7,1,0.0,0.0,0,0
7324,2025,6,1,0.0,0.0,0,0
7324,2026,3,1,0.0,0.0,0,0
7324,2026,7,1,0.0,0.0,0,0
7324,2026,9,1,0.0,0.0,0,0
7326,2026,7,1,0.0,0.0,0,0
7326,2026,8,1,0.0,0.0,0,0
7372,2026,7,1,0.0,0.0,0,0
7372,2026,8,1,0.0,0.0,0,0
7373,2023,9,1,0.0,0.0,0,0
7373,2025,9,1,0.0,0.0,0,0
7373,2026,9,4,0.0,0.0,0,0
7402,2023,1,1,0.0,0.0,0,0
7406,2026,8,1,0.0,0.0,0,0
7406,2026,9,1,0.0,0.0,0,0
7411,2026,8,2,0.0,0.0,0,0
7411,2026,9,1,0.0,0.0,0,0
7412,2026,8,1,0.0,0.0,0,0
7412,2026,9,2,0.0,0.0,0,0
7471,2026,8,1,0.0,0.0,0,0
7504,2023,8,1,0.0,0.0,0,0
7504,2023,9,5,0.0,0.0,0,0
7602,2026,6,1,0.0,0.0,0,0
7604,2023,9,6,0.0,0.0,0,0
7604,2026,9,5,0.0,0.0,0,0
7605,2026,8,1,0.0,0.0,0,0
7605,2026,9,5,0.0,0.0,0,0
7606,2023,8,1,0.0,0.0,0,0
7606,2026,9,1,0.0,0.0,0,0
8101,2023,7,1,0.0,0.0,0,0
8101,2023,8,1,0.0,0.0,0,0
8101,2026,9,1,0.0,0.0,0,0
8103,2026,9,1,0.0,0.0,0,0
8104,2023,9,2,0.0,0.0,0,0
8104,2023,10,1,0.0,0.0,0,0
8105,2023,9,1,0.0,0.0,0,0
8105,2026,7,2,0.0,0.0,0,0
8105,2026,8,3,0.0,0.0,0,0
8105,2026,9,3,0.0,0.0,0,0
8106,2023,8,2,0.0,0.0,0,0
8106,2023,9,1,0.0,0.0,0,0
8106,2026,8,1,0.0,0.0,0,0
8107,2026,9,1,0.0,0.0,0,0
8108,2023,8,3,0.0,0.0,0,0
8108,2023,9,1,0.0,0.0,0,0
8109,2026,9,1,0.0,0.0,0,0
8171,2024,2,1,0.0,0.0,0,0
8171,2026,1,1,0.0,0.0,0,0
8201,2026,9,1,0.0,0.0,0,0
8203,2026,9,1,0.0,0.0,0,0
8206,2026,8,6,0.0,0.0,0,0
8206,2026,9,3,0.0,0.0,0,0
8208,2026,6,1,0.0,0.0,0,0
8208,2026,9,1,0.0,0.0,0,0
8272,2026,9,2,0.0,0.0,0,0
9101,2026,9,2,0.0,0.0,0,0
9102,2026,8,1,0.0,0.0,5,0
9104,2026,8,1,0.0,0.0,4,2
9104,2026,9,1,0.0,0.0,0,0
9201,2026,8,3,0.0,0.0,0,0
9203,2023,8,2,0.0,0.0,0,0
9203,2023,9,2,0.0,0.0,0,0
9203,2023,10,1,0.0,0.0,0,0
9203,2026,6,1,0.0,0.0,0,0
9203,2026,7,1,0.0,0.0,0,0
9204,2026,7,2,0.0,0.0,0,0
9205,2026,7,1,1.0,0.0,1,0
9205,2026,9,1,0.0,0.0,0,0
9206,2026,8,1,0.0,0.0,0,0
9208,2026,9,1,0.0,0.0,0,0
9211,2023,8,1,0.0,0.0,0,0
9211,2026,8,1,0.0,0.0,0,0
9212,2021,11,1,0.0,0.0,0,0
9271,2026,7,2,0.0,0.0,0,0
9271,2026,8,9,0.0,0.0,0,0
9271,2026,9,1,0.0,0.0,0,0
